inventory_id,product_id,supplier_id,stock_quantity,minimum_stock_level,last_restocked_date,storage_cost,reserved_quantity
10555,prod_1958,SUPP_10968,788,29,2025-09-04 18:31:35.380000,2.23,
10938,PROD_1384,SUPP_10847,49,51,2025-10-08 00:32:19.489000,0.39,
10060,PROD_9999,  SUPP_10849  ,  Unknown  ,,2025-09-28 13:01:55.652000,1.12,
10693,PROD_2034,SUPP_10009,  9  ,6,  2025-08-01 20:05:17.296174  ,0.4,
10407,PROD_1408,SUPP_10771,17,72,2025-09-23 05:26:02.706000,4.5,
10592,PROD_1316,SUPP_10547,69,81,2025-09-15 15:16:06.838000,0.36,
10723,PROD_1981,,99999,-19,,,
11232,PROD_1898,SUPP_10797,225,54,2025-09-17 20:44:15.026000,4.22,
11055,PROD_2432,SUPP_10617,10,0,2024-02-03 00:26:40.240000,3.56,
10636,PROD_2052,SUPP_10573,148,5,2025-08-18 08:29:27.621000,1.06,
  10072  ,PROD_1427,SUPP_10177,490,100,2025-10-10 04:04:22.668000,2.52,
11176,PROD_1420,SUPP_10909,138,61,2025-10-02 13:11:51.811000,  3.56  ,
10185,  PROD_2212  ,SUPP_10800,  27  ,23,2025-09-03 11:10:30.856000,3.82,
11357,PROD_1003,SUPP_10544,5,104,2025-10-05 14:47:04.255000,1.58,
11442,PROD_1329,SUPP_10783,193,96,2025-10-05 01:39:36.425000,0.66,
10957,PROD_2304,SUPP_10233*,40,20,2025-10-06 00:13:31.283000,0.84,
10954@,PROD_2427,SUPP_10657,0,0,2024-03-01 13:57:37.343000,3.4,
10206,PROD_1105,SUPP_10064,922,197,2025-10-05 09:59:40.694000,3.65,
10525,PROD_2065,,1,25,,,
10183,PROD_2322,SUPP_10902,16,27,2025-09-09 11:55:47.350000,0.27,
10254,PROD_2393,SUPP_10414,0,0,2025-07-04 19:46:37.807000,1.22,
10789,PROD_2437,SUPP_10432,0,0,2024-05-17 05:39:21.470000,4.4,
10053,PROD_1893,SUPP_10706,9,81,2025-10-08 08:53:48.469000,0.62,
11358,PROD_2085,SUPP_10346,489,5,2025-07-29 07:17:15.545000,  1.98  ,
10740,PROD_1881,SUPP_10372,62,46,2025-09-14 21:58:36.762000,1.31,
10654,PROD_2277,SUPP_10893,162,20,2025-08-17 11:11:46.045092,2.36,
10518,PROD_1522,SUPP_10671,49,34,2025-09-20 16:08:31.767000,2.51,
,,,, ,,,
10215,  PROD_1973  ,SUPP_10690,493,5,2025-08-29 04:24:58.358000,2.66,
10445,PROD_1621,SUPP_10100,4,45,2025-10-11 16:47:24.018000,3.41,
10762,PROD_2414,SUPP_10146,0,0,2025-09-17 00:43:47.781000,1.19,
10331,PROD_1437,SUPP_10343,3,67,2025-09-29 17:55:27.490000,2.81,
11054,PROD_2310,SUPP_10573,136,18,2025-10-04 10:44:03.901000,3.32,
,,,,,, ,
10037,PROD_2015,SUPP_10283,185,11,2025-07-22 11:33:57.394000,1.55,
10210,  PROD_1191  ,SUPP_999,Many,,11-10-2025,,
11351,PROD_2178,SUPP_10294,135,29,2025-07-14 06:27:57.450514,0.72,
,INVALID,,-58,Low,,,
10585,PROD_2256,,946,18,2025-10-24 18:45:17.850000,-0.48,
10049,PROD_2059,SUPP_10988,303,21,2025-10-06 02:47:15.860000,4.56,
11449,PROD_1789,SUPP_10925,97,  39  ,2025-10-09 01:37:48.853000,2.46,
11291,PROD_1090,SUPP_10754,147,167,2025-10-10 19:18:52.981000,2.16,
10898,PROD_1425,SUPP_10076,1,95,2025-10-10 04:56:13.578000,  2.73  ,
10844,PROD_1263,SUPP_10173*,155,197,2025-10-11 22:26:39.838000,3.99,
11280,,SUPP_10197,-14,Medium,2025-10-02 14:29:44.677000,4.86,
10147,PROD_1982,SUPP_10886,415,16,2025-07-22 05:05:17.870000,4.32,
10272,PROD_2054,SUPP_10845,133,17,2025-09-05 17:52:28.326000,3.85,
10032,PROD_1243,SUPP_10796,0,129,2025-10-05 10:34:42.862000,2.92,
10622,PROD_1601,SUPP_10339,384,24,2025-10-01 04:22:04.435000,4.24,
  10327  ,PROD_1999,SUPP_10917,7,28,2025-08-12 00:46:10.001000,1.03,
10022,PROD_1894,SUPP_10071,100,58,2025-10-02 09:37:34.599000,2.58,
10588,PROD_1214,SUPP_10820,39,70,2025-10-06 11:56:44.573000,0.72,
10737,PROD_1678,SUPP_10039,34,92,2025-10-08 16:42:07.450000,0.39,
10345,PROD_1053,SUPP_10298,56,135,2025-10-09 04:12:19.353000,2.12,
10262,PROD_1353,SUPP_10057,71,52,2025-09-23 14:45:43.722000,4.1,
10225,PROD_1876,,1,25,,,
11202,PROD_2418,SUPP_10956,7,0,2025-05-09 21:39:31.581000,2.29,
11192,PROD_1385,SUPP_10606,104,92,2025-09-29 09:02:18.542000,3.76,
11483,PROD_1249,SUPP_10221,0,174,2025-10-08 10:23:22.895000,1.61,
10219,PROD_1700,SUPP_10502,19,87,2025-09-21 15:44:33.837000,  1.18  ,
10461,PROD_1647,SUPP_10515,0,35,2025-09-22 19:31:34.991000,  1.61  ,
  10320  ,,SUPP_10979,-45,High,2025-09-22 19:40:03.791000,1.74,
11315,PROD_1523,SUPP_10480,50,68,2025-09-27 03:09:45.674000,3.68,
11161,PROD_1346,SUPP_10834,60,43,2025-09-12 10:09:54.611000,1.31,
11209,PROD_1652,SUPP_10901,29,85,2025-09-26 02:20:24.699000,2.8,
10019,PROD_1374,SUPP_10754,443,54,2025-10-08 22:15:16.914000,  0.88  ,
10471,PROD_1315,SUPP_10461,19,44,2025-10-06 02:45:26.189000,1.37,
11370,PROD_1486,SUPP_10820,73,63,2025-09-17 02:07:33.964339,4.49,
10727,PROD_1901,SUPP_10830,43,21,2025-07-24 03:46:01.840000,2.86,
10375,PROD_1618,,0,59,,,
11062,PROD_2401,SUPP_10144,0,0,  2024-08-09 20:01:24.389875  ,2.95,
10603,PROD_1723,SUPP_10115,17,73,2025-09-17 23:25:54.635000,0.45,
10797,PROD_2113,SUPP_10566,674,28,2025-07-22 23:55:10.365000,3.64,
10731,PROD_1006,SUPP_10926,96,152,2025-10-08 12:45:27.267000,0.32,
11066,PROD_2435,SUPP_10236,10,0,2025-05-01 00:30:02.292000,0.94,
10059,PROD_1770,  SUPP_10101  ,90,44,2025-09-12 02:22:30.426000,4.84,
  10228  ,PROD_1511,SUPP_10729,14,81,2025-10-11 01:04:09.236807,2.37,
11160,DISCONTINUED,SUPP_10825,-78,Low,2025-10-09 04:59:27.652000,2.69,
10530,PROD_1705,SUPP_10080,211,40,2025-09-12 11:32:41.265000,4.97,
10664,PROD_1163,SUPP_10392,37,107,2025-10-05 10:50:45.142000,0.78,
11452,PROD_2281,SUPP_10053,209,24,2025-09-09 22:36:05.811000,2.06,
10637,PROD_1455,SUPP_10657,123,55,2025-09-12 02:34:09.963000,3.16,
10379,PROD_1146,SUPP_10707,27,142,2025-10-11 23:20:49.507000,4.53,
10563,PROD_2378,SUPP_10591,0,0,2024-10-08 22:28:25.087000,0.63,
10370,PROD_1897,SUPP_10173,1,74,2025-09-20 16:56:53.274000,2.88,
10212,PROD_2187,SUPP_10137,744,18,2025-09-23 20:36:43.492000,4.21,
10172,PROD_2227,SUPP_10835,983,30,2025-09-28 16:52:46.233000,2.0,
10236,PROD_1808,SUPP_10944,15,36,2025-09-16 17:09:26.453302,0.63,
10768,PROD_2396,SUPP_10230,0,0,2024-01-15 12:33:11.483000,3.82,
10088,PROD_1706,SUPP_10676,60,76,2025-10-05 08:17:05.694000,1.82,
11227,PROD_1042,SUPP_10468,180,194,2025-10-11 18:42:57.441000,1,
10779#,PROD_2216,SUPP_10259,568,22,2025-09-29 20:06:57.854000,4.32,
11126,PROD_1326,  SUPP_10517  ,56,60,2025-09-26 05:31:36.193000,3.8,
10982,  PROD_2372  ,SUPP_10773,0,0,2024-02-03 11:02:59.161000,3.94,
10162,PROD_1117,  SUPP_10183  ,  4  ,122,2025-10-08 04:33:44.459000,3.89,
10229!,PROD_2499,SUPP_10078,2,0,2024-03-24 07:37:59.539000,4.08,
10395,PROD_1226,SUPP_10297,38,126,2025-10-10 07:48:52.698000,4.22,
11251,PROD_1101,SUPP_10610,81,122,2025-10-10 21:49:45.385000,4.34,
11167,PROD_1016,SUPP_10186,54,140,2025-10-05 22:13:42.706000,2.38,
10796,  PROD_1641  ,  SUPP_10928  ,93,62,2025-10-10 12:55:51.437000,2.64,
10166,PROD_1372,SUPP_10460,15,46,2025-09-25 15:40:13.247000,2.31,
11114,  PROD_1033  ,SUPP_10948,507,134,2025-10-10 01:57:12.493000,4.07,
11276,PROD_2170,SUPP_10793,28,23,  2025-10-10 07:25:57.542106  ,1.36,
10473,PROD_1975,SUPP_10618,580,15,2025-10-08 19:18:12.269000,4.1,
10961,PROD_1240,SUPP_10278,120,107,2025-10-08 14:46:50.140000,4.21,
10068,PROD_2324,SUPP_10050,71,24,2025-09-29 06:23:01.122000,2.27,
10457,PROD_1291,supp_10399,0,146,  2025-10-07 09:02:30.493068  ,3.86,
10949,PROD_2397,SUPP_10966,0,0,2023-10-22 01:43:13.116000,3.54,
11154,PROD_1502,SUPP_10319,26,76,2025-09-26 23:35:41.320727,2.15,
10048,  PROD_2473  ,SUPP_10244,0,0,2025-01-06 22:56:22.632000,3.9,
10543,PROD_1730,SUPP_10973,65,70,2025-10-08 21:22:08.915000,0.14,
10762,PROD_2414,SUPP_10146,0,0,2025-09-17 00:43:47.781000,1.19,
10117,PROD_2459,SUPP_10429,0,0,2025-01-04 10:07:13.384000,0.43,
10113,PROD_1177,SUPP_10538,280,190,2025-10-05 12:35:22.670000,4.52,
10548,PROD_1155,SUPP_10113,8,96,2025-10-06 16:19:26.246000,0.55,
10939,PROD_2482,SUPP_10693,0,0,2024-09-04 18:38:43.333000,4.23,
10571,PROD_1936,SUPP_10427,18,15,2025-08-12 10:47:31.967000,4.19,
10482,  PROD_1454  ,SUPP_10022,71,64,2025-10-01 17:17:43.463000,3.81,
10302,PROD_1246,SUPP_10841,0,149,2025-10-10 04:41:52.500000,3.6,
10477,PROD_1255,SUPP_10108,535,106,2025-10-10 19:28:39.238000,3.62,
10119,PROD_2096,SUPP_10048,148,9,2025-09-03 06:41:50.837000,1.57,
11108,PROD_1483,SUPP_10847,76,43,2025-09-24 07:37:31.613000,0.7,
11076,  PROD_1554  ,SUPP_10555,3,93,2025-10-09 02:11:33.921000,3.65,
10205,PROD_1137,SUPP_10965,157,162,2025-10-11 15:30:55.767000,0.99,
10846,PROD_1252,SUPP_10990,437,68,2025-10-10 03:26:01.214000,3.45,
11349,PROD_2450,SUPP_10873,0,0,2025-04-21 02:48:49.617000,3.92,
10546,PROD_2434,SUPP_10266,31,0,2025-06-22 21:03:17.351000,0.56,
10920,INVALID,SUPP_10538,  -73  ,Medium,2025-10-02 21:36:55.009000,3.57,
10423,PROD_1386,SUPP_10382,42,91,2025-09-18 02:13:28.812000,2.31,
11029,PROD_1912,SUPP_10520,390,15,2025-08-20 18:07:07.231000,3.95,
10822,PROD_1429,SUPP_10415,51,63,2025-09-25 04:32:57.432000,0.88,
  10960  ,PROD_9999,SUPP_10765,Out of Stock,,2025-10-11 11:33:03.173000,3.88,
10789,PROD_2405,,Few,,,,
11027,PROD_1800,SUPP_10378,70,62,2025-09-23 08:28:15.013000,4,
10716,PROD_1440,SUPP_10896,432,57,2025-10-08 05:12:12.044000,1.29,
10401,PROD_2332,SUPP_10525,438,18,2025-07-25 20:49:19.186000,2.92,
10341,PROD_2417,SUPP_10589,0,0,2024-02-28 04:21:48.892000,4.42,
10847,PROD_1984,SUPP_10147,82,26,2025-09-19 07:06:03.181000,2.64,
  11463  ,PROD_1754,SUPP_10623,424,  74  ,  2025-09-14 08:02:04.418247  ,4.05,
10357,PROD_2391,SUPP_10866,9,0,2024-12-21 12:58:31.446000,2.14,
11324,PROD_2312,SUPP_10597,648,20,2025-08-05 02:17:21.478000,3.16,
10674,PROD_2236,SUPP_10958,434,6,2025-08-05 16:08:21.963000,  4.9  ,
10566,PROD_2254,SUPP_10208,923,8,2025-08-05 00:03:12.077974,1.01,
10462,PROD_2278,SUPP_10756,  85  ,6,2025-07-23 04:38:31.476000,2.65,
10299,PROD_2037,  SUPP_10950  ,65,15,2025-09-29 21:56:47.403000,2.82,
11464,PROD_2090,SUPP_10535,239,15,2025-09-09 06:34:41.897000,1.44,
10763,PROD_2286,SUPP_10192,503,11,2025-08-01 06:29:26.244000,2.67,
  10522  ,PROD_1121,SUPP_10594%,198,72,2025-10-09 09:17:41.194000,1.25,
11037,PROD_1612,SUPP_10931,8,76,2025-10-02 03:43:38.564000,1.21,
11069,PROD_1237,SUPP_10807,718,  89  ,2025-10-05 17:08:36.591258,1.65,
,,,,,,,
11186,PROD_1487,SUPP_10980,25,53,2025-09-30 22:52:38.735000,0.4,
10708,PROD_1492%,SUPP_10926,86,65,2025-09-18 03:46:42.821000,0.51,
10154,PROD_1367,SUPP_10450,422,98,2025-09-19 13:32:57.822000,3.46,
10805&,PROD_1931,SUPP_999,599,17,2025-10-11 23:48:23,Variable,
10377,PROD_2412,SUPP_10257,0,0,2025-08-05 17:43:34.965621,0.7,
10179,PROD_1211,SUPP_10346,0,92,2025-10-09 06:13:00.633000,3.08,
10498*,PROD_1340,SUPP_10297,82,100,2025-09-30 12:19:24.065000,2.89,
10980,PROD_2000,  SUPP_999  ,929,1958,10/11/2025,Included,
11011,PROD_1517,SUPP_10089,96,41,2025-10-08 00:09:18.375000,2.04,
10487,PROD_2167,SUPP_10569,35,22,2025-08-23 23:20:26.572000,3.6,
10145,PROD_1911,SUPP_10701,928,7,2025-09-13 23:22:00.060000,2.87,
10931,PROD_1479,SUPP_10933,  313  ,95,2025-09-23 03:13:45.335000,2.55,
,PROD_9999,,,,,,
10497,PROD_1120,SUPP_10621,21,84,2025-10-09 04:06:47.958000,2.62,
10152,PROD_1551,SUPP_10084,42,  49  ,2025-09-20 15:20:20.525577,2.2,
10866,PROD_2492,SUPP_10267,0,0,2024-07-29 22:07:21.948000,1.77,
10130,PROD_1764,SUPP_10054,219,97,2025-10-03 05:35:43.915000,0,
10528,PROD_1461,SUPP_10192,  427  ,30,2025-10-06 17:42:45.103000,4.89,
10458,PROD_1607,SUPP_10981,4,33,2025-10-05 11:58:36.776000,4.1,
10328,PROD_2162,SUPP_10989,2,6,2025-08-14 03:13:55.488000,2.09,
10689,PROD_1405,SUPP_10673,7,49,2025-09-27 21:18:21.404000,4.69,
10418,PROD_1847,SUPP_10574,4,93,2025-09-30 18:32:14.213000,3.81,
10663,PROD_2105,SUPP_10108,132,17,2025-10-04 04:50:13.495000,2.52,
11045,PROD_2114,SUPP_10274,780,15,  2022-04-04 10:32:59.074458  ,0.001,
11451,PROD_1376,SUPP_10926,4,35,2025-10-09 06:28:06.371000,3.51,
11432,  PROD_1100  ,SUPP_10278,49,139,2025-10-08 00:09:59.256000,1.56,
10208,PROD_1879,SUPP_10412,  31  ,31,2025-09-13 12:14:19.500000,4.3,
11129,  PROD_1780  ,SUPP_10992,1,53,2025-10-06 01:29:24.007000,3.96,
11179,PROD_2104,SUPP_10402,38,16,2025-10-05 05:31:21.824000,3.91,
10688,PROD_1575,SUPP_10545,495,93,2025-09-26 03:49:13.417000,0.85,
10315,PROD_1193,SUPP_999,9,186,2025-10-11 23:47:33,Variable,
10741,  PROD_1742  ,SUPP_10144,34,99,2025-09-28 10:09:33.988000,2.12,
11378,PROD_2365,SUPP_10530*,75,0,2024-09-10 21:28:47.492000,4.1,
11080,PROD_9999,  NULL  ,,,2025-10-15 19:31:02.165000,-2.37,
10534,PROD_1232,SUPP_10873,147,107,2025-10-07 23:55:58.873000,2,
10766,PROD_2118,SUPP_10774,37,9,2025-09-18 03:35:38.083000,2.53,
10448,PROD_2007,SUPP_10347,636,29,2025-09-10 00:49:18.713000,3.48,
10307,PROD_1868,SUPP_10618,19,33,2025-09-22 12:56:09.782000,1.7,
11303,PROD_1862,SUPP_10365,86,93,2025-10-07 02:24:53.322000,4.07,
10430,PROD_2269,  SUPP_10002  ,64,13,  2025-08-29 03:30:21.415225  ,0.7,
10290,PROD_2123,SUPP_10092,179,27,2025-07-20 02:00:34.415000,2.78,
11478,PROD_1591*,SUPP_10537,75,45,2025-09-29 03:39:30.505000,4.34,
10394,PROD_2058,SUPP_10487,195,30,2025-08-20 10:02:55.506000,1.9,
10013,PROD_1124,SUPP_10765,63,185,2025-10-09 06:09:22.432000,  0.87  ,
11081,PROD_1829,SUPP_10452,226,69,2025-10-02 12:38:46.911000,3.23,
11120,,SUPP_999,-28,  Medium  ,11-10-2025,Included,
10877,PROD_1968,  SUPP_10938  ,105,9,2025-08-11 09:37:44.240000,4.44,
11196,PROD_1602,SUPP_10062,  7  ,49,2025-10-01 10:07:23.394000,4.31,
10138,PROD_1544,SUPP_10673,42,71,2025-09-30 06:45:23.325000,4.84,
10159,PROD_2128,SUPP_10975,730,10,2025-09-01 13:38:04.118453,1.92,
10055,PROD_1190,SUPP_10931,31,143,2023-07-29 17:40:18.059000,-99,
  10605  ,PROD_2266,SUPP_10664,70,25,2020-11-09 08:24:26.580000,-99,
11170,PROD_1357,,,,2025-10-17 03:24:40.945000,-1.56,
10155,PROD_1614,SUPP_10660,52,  56  ,2025-10-07 22:33:28.234000,3.92,
11070,PROD_2029,SUPP_10192,988,8,2025-09-09 11:44:24.225000,0.74,
11388,PROD_2157,SUPP_10349,91,18,2025-08-12 01:52:16.504000,3,
11480,,SUPP_10806,-65,Auto,2025-10-04 12:13:27.823000,2.19,
10190,PROD_2331,SUPP_10798,107,25,2025-10-03 20:37:05.869000,2.11,
10995,PROD_1382,SUPP_10816,87,  47  ,2025-10-10 07:36:02.322000,4.34,
10908,PROD_1290,SUPP_10171,96,118,2025-10-09 09:50:17.542000,1.33,
10985,PROD_2022,SUPP_10791,100,22,2025-08-01 08:01:59.320000,0.79,
10017,PROD_1572,SUPP_10045,1,40,2025-10-09 09:16:48.834000,3.73,
10422,PROD_2131,SUPP_10067,618,5,2025-09-02 14:34:33.144000,1.42,
11331,PROD_1746,SUPP_10749,9,56,2025-09-19 01:46:18.666000,2.05,
11007,PROD_1665,SUPP_10490,55,47,2025-10-03 08:28:33.580000,3.34,
11389,PROD_1957,SUPP_10109,52,5,2025-07-30 00:19:31.987000,2.72,
10971,PROD_1435,SUPP_10377,86,91,  2025-09-21 13:43:48.472227  ,3.5,
10930,PROD_1225,SUPP_10023,Many,,2025-10-09 19:28:28.275000,3.25,
11228,PROD_1306,SUPP_10175,16,87,2025-10-03 22:36:12.231000,0.75,
10665,PROD_1635,  SUPP_999  ,97,40,20251011,,
10081,PROD_1967,SUPP_10927,33,19,2025-08-10 08:11:31.606000,  4.43  ,
,,,,,,,
10923,PROD_1113,SUPP_10562,81,105,2025-10-06 17:20:43.693000,1.07,
10182,PROD_1608,  SUPP_10577  ,40,64,2025-10-08 23:02:10.914000,4.06,
10744,PROD_1563,SUPP_10103,18,99,2025-10-03 11:54:34.274000,2.11,
10134,PROD_2381,SUPP_10200,0,0,2024-04-13 22:36:24.937000,0.13,
11199,PROD_2282,SUPP_10603,36,  6  ,2025-09-29 10:14:55.494000,0.91,
11261,PROD_2100,SUPP_10105,86,5,2025-08-14 07:57:20.279000,1.55,
10330,PROD_1158,SUPP_10823,MANY,,2022-04-15 11:19:44.148000,0.001,
11285,PROD_1145,SUPP_10553,232,121,2025-10-10 04:22:58.170000,3.76,
10999,PROD_1773,SUPP_10721,71,30,2025-09-29 10:09:51.576000,1.88,
11153,PROD_2116,SUPP_10752,160,  25  ,2025-07-17 04:55:49.892000,4.53,
11421,PROD_2026,SUPP_10507,186,16,2025-09-03 20:51:12.465000,1.53,
10816,PROD_1913,SUPP_10776,161,22,2025-08-17 22:06:12.023000,3.67,
11485,PROD_2156,,20,16,2025-10-17 04:04:12.224000,-4.63,
11347,PROD_1832,SUPP_10172,7,40,2025-09-27 04:22:59.060000,  0.79  ,
10790,PROD_1907,SUPP_10675,146,30,2025-07-25 02:00:36.596000,3.32,
11204,PROD_2273,SUPP_10369,  28  ,25,  2025-08-17 11:00:18.041725  ,0.29,
10686,PROD_2014,SUPP_10799,363,7,2025-08-14 23:14:03.688000,2.91,
10125,PROD_2402,,4,0,,,
  10862  ,PROD_1198,SUPP_10265,191,175,2025-10-08 22:26:04.372000,4.27,
10876,PROD_1027,SUPP_10010,57,156,2025-10-08 04:37:52.162000,0.65,
10942,PROD_1727,SUPP_10369,56,42,2025-09-21 14:43:19.092000,0.66,
10395,PROD_2477,,1000000,-31,,,
10508,PROD_2399,SUPP_10101,2,0,2024-11-28 12:31:42.628000,2.42,
10695,PROD_1672,SUPP_10780,20,48,2025-09-24 20:43:13.963000,0.55,
10831,PROD_1870,SUPP_10603,314,97,2025-09-17 00:34:54.651000,2.9,
10892,PROD_2431,SUPP_10074,0,0,2025-01-02 18:41:58.397000,3.89,
10507,PROD_1530,SUPP_10760,88,46,2025-09-26 15:41:09.135000,  2.96  ,
10629,PROD_1693,SUPP_10408,58,54,2025-10-05 23:14:32.314000,2.66,
11109,PROD_1178,SUPP_10364,41,72,2025-10-05 18:50:01.811000,3.7,
11240,DISCONTINUED,SUPP_10965,-67,Auto,2025-09-16 07:14:33.021000,0.71,
11470,PROD_1191,SUPP_999,,,11-10-2025,Included,
10043,PROD_1370,SUPP_10481,17,82,2025-09-23 08:40:58.324000,4.85,
10531,PROD_1645,SUPP_10040,207,39,2025-10-08 10:58:07.004000,2.88,
10223,PROD_1127,SUPP_10182,69,154,2025-10-07 18:48:32.015000,2,
10006,PROD_1961,SUPP_10541,212,22,2025-09-14 19:48:11.935000,3.78,
11061,PROD_1280,SUPP_10271,24,198,2025-10-11 01:04:26.264000,2.14,
11337,PROD_1283,SUPP_10413,69,86,2025-10-07 04:59:33.120000,0.7,
10334,PROD_2237,SUPP_10509,887,16,2025-08-26 10:58:58.906000,1.5,
10139,PROD_1833,supp_10400,96,23,2025-10-01 19:19:49.732000,2.47,
10891,PROD_1916,SUPP_10064,80,7,2025-08-14 22:51:27.883000,3.37,
10899,PROD_2048,SUPP_10239,438,8,2025-07-23 06:19:20.426000,4.26,
11024,PROD_1383,SUPP_10941,92,32,2025-09-19 11:52:53.306000,3.43,
11342,PROD_1811,SUPP_10068,230,61,2025-10-07 17:19:41.385000,0.96,
10696,PROD_1858,SUPP_10921,37,98,2025-09-28 00:08:44.507000,  3.38  ,
10536,PROD_1578,SUPP_10063,12,22,2025-09-27 13:49:19.508000,4.77,
  10203  ,PROD_2198,SUPP_10076,463,14,2025-09-27 00:35:57.416000,1.39,
11091,PROD_2040,SUPP_10890,23,14,2025-09-18 12:51:18.142000,3.12,
10539,PROD_2127,SUPP_10003,83,8,2025-07-23 06:44:15.122000,0.28,
11059,PROD_2344,SUPP_10364,151,26,2025-08-08 05:36:57.183000,4.21,
10760,,SUPP_10931,-60,Auto,  2025-09-19 02:53:27.464892  ,3.96,
10077,PROD_2474,  SUPP_10934  ,9,0,2025-03-21 06:36:59.414000,  1.87  ,
10972,PROD_1759,SUPP_10667,15,29,2025-09-16 14:07:27.875000,0.65,
10310,PROD_1721,SUPP_10399,20,60,2025-09-13 00:52:38.919000,1.57,
10809,  PROD_1550  ,SUPP_10525,359,41,2025-09-22 23:12:41.889000,0.34,
10420,PROD_9999@,SUPP_999,Unknown,,11-10-2025,Included,
10671,PROD_1518,SUPP_10151,22,86,  2025-10-07 22:21:20.778848  ,2.09,
10767,PROD_1123,  SUPP_10504  ,45,89,2025-10-06 22:42:47.087000,2.79,
10947,PROD_1740,SUPP_10975,83,42,2025-09-29 02:57:03.574000,3.83,
11352@,PROD_1309,SUPP_10563,43,98,2025-10-07 09:38:01.434000,1.19,
,,, ,,, ,
10374,PROD_1521,  SUPP_10373  ,15,58,2025-09-14 23:57:53.110000,4.24,
10644,PROD_1426,SUPP_10223,117,100,2025-10-06 13:04:26.317000,1.01,
10643,PROD_1768,SUPP_10849@,25,46,2025-10-06 05:42:42.968000,4.97,
10746,PROD_1560,SUPP_10693,157,45,2025-10-10 21:47:51.528000,4.81,
  11217  ,PROD_1974,SUPP_10909,198,5,2025-08-26 17:54:09.893000,3.88,
10905,PROD_1207,SUPP_10365,26,188,2025-10-08 16:18:53.766000,3.87,
11284,PROD_1920,SUPP_10840,31,12,2025-07-24 17:19:57.954000,2.1,
10807,PROD_1281,SUPP_10879,28,67,2025-10-10 16:20:46.123000,1.24,
10660,PROD_9999,SUPP_10760,,,2023-02-06 21:55:46.320000,-99,
10278,PROD_2044,SUPP_10374,99,29,2025-09-24 02:32:31.727000,1.59,
11293,PROD_1480,SUPP_10241,5,35,2025-10-05 18:35:19.828000,2.31,
10124,PROD_1562,SUPP_10781,  16  ,41,2025-09-21 04:17:26.030000,0.79,
11269,PROD_1845,SUPP_10506,98,21,2025-09-29 14:53:47.097000,4.02,
10953,PROD_1378,SUPP_10474,444,26,2025-09-15 00:42:15.513000,1.41,
10889,PROD_1959,SUPP_10645,106,8,2025-09-02 10:10:41.871000,  3.39  ,
10990,PROD_2043,,,,2025-11-07 03:05:45.791000,-3.44,
10086,PROD_1985!,SUPP_10037,245,15,  2025-08-23 23:31:16.125324  ,4.67,
  10232  ,PROD_1638,SUPP_10854,95,68,2025-10-09 15:19:45.255000,1.89,
10344,PROD_2197,SUPP_10089,151,8,2025-07-18 12:59:22.186000,0.91,
11211,PROD_2211,SUPP_10378,588,22,2025-07-21 20:24:32.841000,2.88,
10509,  PROD_1504  ,SUPP_10916,78,28,2025-09-17 00:55:57.670000,2.47,
10157,PROD_1031,SUPP_10268,  66  ,178,2025-10-06 10:01:12.023000,3.86,
11036,PROD_1093,SUPP_10203,23,  182  ,2025-10-05 08:03:34.168000,3.9,
11023,  PROD_1529  ,SUPP_10734,93,97,2025-09-25 14:28:20.467000,1.95,
11140,PROD_9999,  SUPP_10431  ,Many,,2025-10-10 15:51:29.972000,1.15,
11394,PROD_1814,SUPP_10504,143,32,2025-09-26 06:51:31.668000,0.31,
11332,PROD_1363,SUPP_10397,65,44,2025-09-26 21:16:01.255000,3.03,
11038,PROD_1653,SUPP_10132,8,24,2025-10-05 01:09:03.060000,2.4,
10570,PROD_1307,SUPP_10942,,,2025-10-05 04:45:43.227000,3.23,
10992,PROD_2337,SUPP_10532,42,19,2025-07-17 13:41:14.688000,1.28,
10814,PROD_2375,SUPP_10893,0,0,2025-08-28 13:22:41.263000,1.84,
  10410  ,PROD_1918,SUPP_10399,733,7,2025-09-12 14:34:54.894000,2.61,
10085,,SUPP_10807,224,94,2025-09-12 17:24:30.605000,3.7,
10409,PROD_1941,SUPP_10008,826,19,2025-08-30 14:07:19.587000,3.26,
10886,PROD_2012,SUPP_10413,194,22,2025-08-05 13:55:34.084000,2.42,
10353,PROD_1782,SUPP_10854,59,23,2025-09-16 11:03:34.203000,3.98,
10149,PROD_1877,SUPP_10501,  94  ,77,2025-10-11 01:32:31.172000,0.47,
10052,PROD_2313,SUPP_10699,16,13,2025-07-20 14:03:55.367000,2.35,
11259,PROD_1785,SUPP_10710,63,22,2025-09-24 12:18:41.499000,3.19,
10783,  PROD_1047  ,SUPP_10016@,29,68,2025-10-08 21:34:49.327000,0.43,
10662,PROD_1937,supp_10134,82,8,2025-07-30 21:45:47.932000,2.9,
10431,PROD_1525,SUPP_10342,113,74,2025-10-09 10:08:24.653000,4.79,
10143,PROD_2385,SUPP_10604,0,0,2025-06-07 08:19:12.962000,0.68,
11181,PROD_1055,SUPP_10247,88,83,2025-10-10 01:01:04.583000,2.33,
10261,PROD_1247,SUPP_10288,0,73,2025-10-05 06:23:53.158000,0.84,
10532,PROD_1253,SUPP_10956,68,68,2025-10-05 15:30:12.023000,0.98,
11472,PROD_1711,SUPP_10536,125,73,2025-09-17 11:38:15.928000,0.82,
10551,PROD_1335,SUPP_10085,55,64,2025-10-04 20:59:05.631000,3.57,
11380,PROD_9999,SUPP_10379,,,2025-10-04 11:46:35.801000,1.47,
10346,PROD_1436,SUPP_10808,50,26,2025-09-16 00:15:19.375000,0.83,
10266,PROD_2373,SUPP_10301,0,0,2025-01-24 13:39:10.402000,2.88,
  10470  ,PROD_2159,SUPP_10715,373,  7  ,  2025-08-24 04:48:12.057475  ,3.89,
11406,PROD_2480,SUPP_10616,0,0,2024-03-14 16:37:49.728000,1.53,
10752,PROD_1368,SUPP_10725,16,95,2025-10-03 08:22:18.332000,4.34,
10040,,SUPP_10565,-91,Medium,2025-09-25 06:52:34.891000,0.11,
10618,  PROD_1803  ,SUPP_10302,158,56,2025-10-03 04:59:38.132000,2.16,
10517,PROD_1718,SUPP_10158,28,35,2025-09-27 23:03:51.827000,0.2,
11466,PROD_1096,SUPP_10026,934,136,2025-10-11 18:27:05.637000,2.02,
10469,PROD_2246,SUPP_10258,713,17,2025-08-15 11:51:07.318000,2.97,
10168,  PROD_1496  ,SUPP_10133,72,30,2025-09-23 13:47:56.126000,2.95,
11343,PROD_2257,SUPP_10628,739,17,  2025-08-10 01:44:26.266864  ,3.06,
  10011  ,PROD_1227,SUPP_10254,4,168,2025-10-07 15:41:00.341000,1.32,
10791,PROD_1029,SUPP_10115,0,85,2025-10-08 18:03:49.559000,1.67,
10648,PROD_1337,SUPP_10904,6,46,2025-09-18 01:12:14.774000,2.24,
10268,PROD_2001,SUPP_10656,79,9,2025-10-07 14:20:52.583000,0.98,
10963,PROD_1960,SUPP_10252,45,20,2025-08-15 00:02:19.138000,0.49,
11395,PROD_1637,,334,48,2025-10-25 13:57:35.799000,-3.44,
10833,PROD_2438,SUPP_10052,0,0,2025-06-07 06:16:10.365000,3.34,
11025,PROD_1689,,31,68,,,
11104,PROD_2164,SUPP_10312,344,17,2025-09-16 21:54:53.871000,0.67,
11495,PROD_2255,  SUPP_10752  ,116,9,2025-10-08 12:20:34.002000,0,
11311,PROD_2300,SUPP_10567,158,8,2025-08-01 03:37:15.082000,2.42,
10043,PROD_2125,,1000000,-30,,,
10684,PROD_1110,SUPP_10891*,966,169,2025-10-07 01:10:40.595000,  1.22  ,
10589,PROD_1098,SUPP_10893,70,178,2025-10-11 18:30:48.323000,1.63,
10545,PROD_1964,SUPP_10659,64,17,2025-08-05 07:51:46.803000,4.89,
10439,PROD_1668,SUPP_10182,  191  ,22,2025-09-16 02:48:58.047000,4.17,
11006,PROD_1413,SUPP_10046,12,82,2025-10-02 14:44:03.478000,2.89,
10924,PROD_1509,SUPP_10758,152,94,2025-09-26 04:15:23.813000,0.47,
11274,PROD_2132,SUPP_10904,17,13,2025-10-09 14:45:17.333000,1.64,
10288,PROD_2141,SUPP_10908,615,17,2025-09-05 16:46:42.797000,3.63,
11112,PROD_1675,SUPP_10283,87,98,2025-09-30 09:12:37.383000,3.65,
10946,PROD_2275,SUPP_10951,705,11,2025-08-01 04:18:46.527000,2.37,
10559,PROD_2404,SUPP_10803,0,0,2024-10-09 03:07:33.009000,1.59,
  11425  ,PROD_1444,,5,32,,,
10501,PROD_1469,SUPP_10143,76,45,2025-09-29 05:40:57.268000,0.64,
10739,PROD_1293,SUPP_10376,0,155,2025-10-08 21:55:39.231000,  3.58  ,
11412,PROD_1687,SUPP_10804,70,93,2025-10-07 06:07:36.528000,2.31,
10562,PROD_2362@,SUPP_10320,  5  ,0,2024-04-28 04:30:29.755000,0.62,
11060,PROD_1490,SUPP_10406,13,90,  2025-09-29 02:55:44.413877  ,1.92,
11247,  PROD_2461  ,SUPP_10682,0,0,2025-08-04 21:40:28.613000,2.51,
10608,PROD_1949,SUPP_10506,385,8,2025-08-14 22:12:00.838000,2.15,
10754,PROD_1112,SUPP_10063,2,160,2025-10-11 20:41:11.708000,0.49,
11266,PROD_1017,SUPP_10825,0,142,  2025-10-06 08:48:33.080282  ,2.22,
  10415  ,PROD_2449,SUPP_10156,0,0,2024-01-22 21:04:40.247000,1.93,
11439,PROD_1753,SUPP_10703,69,68,2025-10-04 20:26:12.476000,0.96,
10574,PROD_2025,SUPP_10395,301,24,2025-09-17 21:56:34.906000,1.62,
10499,PROD_2376,SUPP_10336,0,0,2025-02-14 11:20:46.864000,1.81,
10293,PROD_1015*,SUPP_10622,106,163,2025-10-05 22:14:06.120000,0.49,
10673,PROD_1021,SUPP_10860,102,75,2025-10-07 23:01:18.353000,4.76,
10813,PROD_1460,SUPP_10925,53,  67  ,2025-09-25 09:06:03.390000,4.42,
11194,PROD_1991,SUPP_10350,40,7,2025-08-21 07:19:44.876000,3.54,
11156,PROD_2011,SUPP_10401,560,9,2025-09-24 15:09:58.416000,4.29,
10338,PROD_1037,SUPP_10747,26,88,2025-10-10 07:36:50.189000,4.58,
10932,PROD_1342,SUPP_10054,495,34,2025-09-14 17:37:52.824000,1.97,
11078,PROD_2075,SUPP_10684,137,12,2025-09-07 11:03:48.066000,3.31,
10945,PROD_1052,SUPP_999,111,194,11-10-2025,Free,
11273,PROD_2343,SUPP_10171,28,5,2025-10-08 18:37:55.300000,4.23,
10609,PROD_1626,SUPP_10925,66,57,2025-10-03 02:18:29.873000,0.68,
10863,PROD_1722,SUPP_10471,0,21,2025-10-02 10:34:13.393000,3.92,
11237,PROD_1494,SUPP_10999,180,23,2025-10-06 02:28:32.827702,0.12,
11097,PROD_1762,SUPP_10807,0,25,2025-09-30 08:05:44.040000,3.43,
10074,PROD_1990,SUPP_10594,661,11,2025-08-17 15:50:39.690000,1.68,
11246,PROD_1666,SUPP_10037,386,64,2025-10-10 16:09:40.937000,1.8,
10421,PROD_1818,SUPP_10399,61,68,2025-09-21 00:21:08.798000,4.71,
10591,PROD_1996,SUPP_10951,691,6,2025-07-22 12:25:43.754000,0.61,
11026,PROD_2091,SUPP_10682,144,11,2025-09-09 01:25:07.124000,4.75,
10623,PROD_2270,SUPP_10126,335,7,2025-08-04 09:53:36.314000,  0.47  ,
10785,PROD_1756,SUPP_10039,32,51,2025-09-28 00:54:10.687000,3.65,
11215,PROD_1136,,93,  182  ,2025-10-21 10:43:04.487000,-3.49,
10054,PROD_2010,,-9999,-2,,,
10082,PROD_2403,SUPP_10343,0,0,2025-02-17 01:00:25.239000,4.6,
10333,PROD_1766,SUPP_10356,21,87,2025-10-01 12:38:08.902000,4.89,
10194,PROD_2102,SUPP_10928,142,26,  2025-09-19 20:47:22.010045  ,  4.39  ,
10999,PROD_1773,SUPP_10721,71,30,2025-09-29 10:09:51.576000,1.88,
  10874  ,PROD_1322,SUPP_10825,32,79,2025-09-23 22:17:43.658000,3.63,
10096,PROD_2082,SUPP_10910,497,12,2025-08-11 18:23:41.604000,4.04,
10544,PROD_2409,SUPP_10930,0,0,2024-06-25 07:13:16.243000,0.85,
10104,PROD_2028,SUPP_10893,48,15,2025-07-21 13:08:55.466000,4.99,
10639,PROD_2224,SUPP_10173,0,26,  2025-09-22 15:09:20.232168  ,2.08,
10381,PROD_1680,SUPP_10518,66,61,  2025-10-09 20:18:34.960876  ,2.32,
11032,PROD_1849,SUPP_10325,286,42,2025-09-30 05:34:14.349000,2.22,
10080,,SUPP_10820,  -23  ,Medium,2025-09-30 10:59:34.662000,4.38,
10624,PROD_1503,SUPP_10803,363,78,2025-09-25 09:23:44.789000,1.09,
11166,PROD_1236,SUPP_10797,333,  200  ,2025-10-06 21:50:10.703000,3.21,
10718,PROD_1887,SUPP_10548,11,90,2025-10-01 21:26:16.231000,4.12,
11083,PROD_1173,  SUPP_10092  ,165,121,2025-10-06 06:37:31.938000,2.92,
11418,PROD_1407,SUPP_10864,61,100,2025-10-11 09:03:10.143000,4.85,
10725,PROD_1835,,120,35,,,
11098,PROD_1151,SUPP_10571,649,125,2025-10-04 23:57:50.036000,2.22,
10873,PROD_1129,SUPP_10689,125,124,2025-10-11 06:42:23.702000,1.27,
10679,PROD_1564,SUPP_10160,188,40,2025-10-01 16:13:42.017000,1.7,
10453*,PROD_1478,SUPP_10425,417,43,2025-10-09 20:36:43.845000,3.52,
10358,PROD_2384,SUPP_10781,6,0,2024-02-14 01:37:14.850000,4.09,
10978,PROD_2299,SUPP_10592,45,26,2025-09-13 14:51:22.473000,0.77,
10910,PROD_2152,SUPP_999,93,286,10/11/2025,,
10204,PROD_1395,SUPP_10336,77,67,2025-09-12 23:22:40.616000,4.09,
11465,PROD_1865,SUPP_10440,96,22,2025-10-06 16:58:00.264000,2.1,
10232,PROD_1191,,-9999,-25,,,
10906,PROD_2462,SUPP_10544,0,0,2025-07-01 23:47:21.535000,4.3,
  11188  ,PROD_1397,SUPP_10566,66,100,2025-09-24 12:56:36.166000,2.97,
10170,,SUPP_10563,28,45,2025-09-12 10:52:20.974000,3.25,
  10111  ,PROD_1539,SUPP_10006,70,62,2025-09-30 04:03:53.859000,1.58,
10756,PROD_1609,SUPP_10945,80,69,2025-09-12 18:01:05.390000,2.16,
10355,PROD_1349,SUPP_10365,27,65,2025-09-26 05:44:41.619000,0.34,
11476,PROD_1050,SUPP_10985,41,56,2025-10-07 08:46:25.919000,1.4,
10787,PROD_1073,SUPP_10297,160,  69  ,2025-10-07 15:53:58.930000,1.08,
10573,PROD_2415,SUPP_10290,  96  ,0,2024-09-15 09:35:45.182000,4.77,
11471,PROD_2394,  SUPP_10144  !,  0  ,0,2023-11-17 01:13:26.952000,3.05,
10180,PROD_9999,,,,2025-10-27 10:11:55.068000,-4.53,
11369,  PROD_2363  ,SUPP_10714,0,0,2025-02-13 20:28:43.122000,2.24,
10670,PROD_1636,SUPP_10577,258,59,2025-10-02 07:45:46.078000,2.43,
10795,PROD_2424,SUPP_10603,9,0,2024-04-12 15:12:43.511000,2.91,
10075,PROD_1938,,736,16,,,
  10820  ,PROD_1853,SUPP_10052,19,48,2025-10-06 12:13:57.695000,4.24,
10191,PROD_1701,SUPP_10729,293,47,2025-09-18 00:23:40.108000,2.39,
10321,PROD_1448,supp_10320,0,28,2025-09-26 00:21:15.935000,0.16,
10090,PROD_2245,,,,  2025-10-26 05:31:10.749898  ,-3.2,
10164,PROD_1528,SUPP_10429,  28  ,49,2025-09-22 04:31:56.630000,4.5,
11376,PROD_2145,SUPP_10137,125,9,2025-07-17 05:17:04.842000,3.89,
  10774  ,PROD_2485,SUPP_10897,0,0,2024-07-17 02:18:20.098000,  3.3  ,
11267,PROD_1514,SUPP_10889,38,70,2025-10-05 18:49:19.031000,4.68,
10399,PROD_2475,SUPP_10195,2,0,2025-03-19 04:53:31.894000,2.17,
11173,PROD_1676,SUPP_10762,380,83,2025-09-22 10:16:36.445000,1.71,
10392,PROD_1874,SUPP_10970,209,56,2025-09-23 00:27:13.797000,1.68,
10367,PROD_2146,SUPP_10901,149,19,2025-09-14 02:44:25.552000,0.28,
  10628  ,PROD_1166,SUPP_10435,  0  ,183,2025-10-05 16:51:43.993000,3.77,
10360,PROD_9999,,,,2025-10-24 23:14:32.851000,-1.71,
10474,PROD_1390,  SUPP_10026  ,36,  51  ,2025-09-21 18:27:37.127000,1.91,
10263,PROD_1493,SUPP_10484,13,90,2025-10-05 16:03:56.207000,2.65,
10524,PROD_1908,SUPP_10891,58,7,2025-08-23 21:57:53.367000,0.16,
11329,PROD_1311,SUPP_10303,81,89,2025-09-21 09:50:01.175000,3.96,
10391,PROD_1888,SUPP_10026,36,33,2025-10-02 13:47:42.823000,  4.2  ,
11138,PROD_1588,SUPP_10096,37,97,2025-10-05 01:45:38.865000,4.11,
11020,,SUPP_10885,Unknown,,2025-09-14 16:56:22.573000,0.3,
11304,PROD_2018,SUPP_10491,719,16,2025-08-17 05:51:38.585295,2.95,
10292,PROD_1369,SUPP_10166,43,59,2025-09-19 05:25:58.396008,3.68,
10962,PROD_2151,SUPP_10319,148,7,  2025-07-15 22:41:49.864454  ,1.7,
10511,PROD_1234,SUPP_10585,53,  184  ,  2025-10-10 10:02:28.359252  ,1.37,
10248,PROD_2166,SUPP_10380,705,23,2025-09-26 20:59:53.500000,  4.36  ,
11187,PROD_2168,SUPP_10881,6,16,2025-08-08 05:55:37.908000,3.3,
10336,prod_2130,  SUPP_10148  ,167,28,2025-08-24 19:01:02.219000,1.05,
10845,PROD_1900,SUPP_10932,124,27,2025-07-30 01:51:23.593000,0,
10309,PROD_2024,SUPP_10071,902,17,2025-10-07 17:50:50.345000,1.7,
10793,PROD_1379,SUPP_10687,71,36,2025-09-30 11:58:45.721000,2.45,
10970,PROD_1422,SUPP_10653,176,26,2025-10-01 00:13:15.371000,1.1,
10940,PROD_2302,SUPP_10125,228,18,2025-07-14 01:22:37.388000,2.81,
10337,PROD_1884,SUPP_10225,181,98,2025-10-07 20:05:29.319000,4.54,
10994,  PROD_1540  ,SUPP_10044,137,21,2025-09-19 01:53:22.753000,0.12,
10601,PROD_1945,SUPP_10961,121,19,2025-09-10 05:56:36.842087,0.98,
10691,PROD_1206,  SUPP_10963  ,968,103,2025-10-07 09:23:26.746000,4.93,
10110,PROD_1557,SUPP_10735,22,44,2022-06-21 17:53:17.627000,999.99,
10436,PROD_1022,SUPP_10530,65,63,2025-10-11 18:11:44.200000,2.17,
10305,PROD_2121,SUPP_10631,541,26,2025-09-01 02:02:48.914000,4.07,
10619,PROD_2354,SUPP_10884,0,0,2024-07-14 21:54:46.597000,1.25,
10915,PROD_1558,SUPP_10864,386,  40  ,2025-09-17 11:09:19.408000,4.46,
10582,PROD_2469,SUPP_10928,0,0,2024-08-25 06:10:11.125000,  3.64  ,
11314,  PROD_1569  ,SUPP_10002,6,46,2025-09-24 19:20:18.468000,4.18,
  10169  ,  PROD_2053  ,SUPP_10051,644,5,2025-07-25 08:30:50.994000,1.98,
11460,PROD_2406,SUPP_10636,0,0,2023-12-28 09:04:46.482000,3.3,
11082,PROD_2308,SUPP_10148,70,7,2025-10-04 03:36:11.885000,0.32,
11294,PROD_2285,SUPP_10056,  488  ,23,2025-08-31 19:29:18.780000,  1.68  ,
11135,PROD_1725,  SUPP_10579  ,342,83,2025-10-10 12:10:27.382000,0.8,
11018,PROD_2064,SUPP_10870,77,29,  2025-09-21 14:57:52.449434  ,3.82,
11233,PROD_1988,SUPP_10420,101,17,2025-07-31 11:50:03.506000,4.05,
11454,PROD_1866,SUPP_10196,78,81,2025-09-27 15:11:02.562000,3.32,
11189*,PROD_1399,SUPP_10045,  22  ,41,2025-09-29 08:04:10.788000,3.02,
10371,PROD_1534,SUPP_10344,85,  58  ,2025-09-22 09:12:14.229000,  1.88  ,
10209,PROD_2458,SUPP_10652,0,  0  ,2025-05-09 09:08:44.965000,3.31,
10728,PROD_1690,SUPP_10084,16,98,2025-09-12 08:43:17.672000,2.01,
11310,PROD_2027,SUPP_10764,112,6,2025-07-28 23:44:13.247000,0.76,
10646,PROD_1421,SUPP_10740,97,25,2025-09-27 01:20:07.011000,4.86,
11177,PROD_1962,SUPP_10190,508,18,2025-07-18 20:31:18.729000,1.33,
,,,,,,,
  10171  ,PROD_2153,SUPP_10329,  25  ,5,2025-08-13 11:06:52.156000,  4.49  ,
10896,PROD_1748,SUPP_10135,84,35,2025-10-04 10:18:25.132000,1.03,
10615,PROD_1843,SUPP_10343,423,29,2025-10-03 03:05:22.521000,3.56,
11298,  PROD_1175  ,SUPP_10465,107,86,2025-10-08 09:42:52.740000,2,
11467,PROD_2017,SUPP_10678,777,11,2025-10-06 23:00:44.907000,1.49,
10318,PROD_1364,SUPP_10609,486,50,2025-10-03 08:19:29.198000,3.34,
10580,PROD_1409,SUPP_10841,77,22,2025-10-03 00:25:55.190000,1.01,
10806,PROD_2231,SUPP_10660,401,16,2025-09-17 11:03:39.655000,0.34,
11475,PROD_2074,,708,16,,,
10631,PROD_2183,SUPP_10096,35,24,  2025-10-01 21:45:13.537902  ,0.87,
10494,  PROD_1362  ,SUPP_10146,93,67,2025-09-23 15:47:02.343000,3.57,
10584,PROD_2261,SUPP_10674,333,23,2025-07-26 05:49:25.718000,1.81,
  10428  ,PROD_2383,SUPP_10926,0,0,2025-08-10 11:45:23.981000,4.92,
10894,PROD_1906,SUPP_10945,779,29,2025-08-03 12:46:22.697000,3.91,
11072,PROD_2233,SUPP_10112,77,17,2025-10-08 05:44:45.672000,3.77,
11103,PROD_1141!,SUPP_10952,111,168,2025-10-05 22:22:51.001000,2.52,
11093,PROD_2149,SUPP_10509,561,14,2025-09-13 16:31:15.511000,2.09,
10247,PROD_1449,  SUPP_10510  ,51,49,2025-09-12 14:50:20.201000,1.09,
10599,PROD_1604,  SUPP_10478  ,37,55,2025-10-08 11:53:14.487000,0.52,
10956,PROD_1883,SUPP_10104,182,  51  ,2025-10-05 18:23:40.461000,4.15,
10772@,PROD_1482,SUPP_10222,0,43,2025-09-21 22:11:24.463000,4.32,
,,,,,,,
10314,PROD_1092,SUPP_10581,79,86,2025-10-08 11:39:41.787000,3.68,
10841,PROD_1287,SUPP_10953,9,135,2025-10-06 19:08:00.450000,1.66,
11106,PROD_2347,SUPP_10864,565,23,2025-08-17 14:48:21.646000,  2.35  ,
10997,PROD_2023,SUPP_10448,983,9,2025-08-29 20:34:21.956000,2.16,
10153,PROD_1273,SUPP_10880,19,76,2025-10-10 16:30:04.738000,0.61,
10513,PROD_1943,SUPP_10835,425,13,2025-08-23 11:14:38.698000,4.86,
10412,PROD_1624,SUPP_10358,442,37,2025-09-12 23:01:07.280000,3.6,
11089,  PROD_1063  ,SUPP_10432,93,183,2025-10-10 11:35:13.093000,0.59,
11268,PROD_1617&,SUPP_10738,18,43,2025-10-02 00:29:04.010000,0.21,
10817,PROD_1565,SUPP_10403,26,44,2025-10-11 09:50:48.715000,2.15,
11426,PROD_1294,SUPP_10673,20,152,2025-10-10 01:17:07.378000,1.56,
,, , , ,  N/A  ,,
10521,PROD_1184,SUPP_10186,33,155,2025-10-10 19:00:25.794000,3.05,
10361,PROD_1174,SUPP_10101,186,93,2025-10-07 20:45:56.257000,4.52,
10234,PROD_1272,SUPP_10493,41,55,2025-10-07 15:01:22.377000,1.29,
10465,PROD_2464,SUPP_10624,7,0,2024-05-12 16:48:02.569000,0.2,
10491,PROD_1788,SUPP_10648,68,97,2025-10-09 21:21:58.981000,0.9,
11249,PROD_1752,SUPP_10643,77,61,2025-10-08 01:01:52.620000,0.87,
10004,PROD_2405,SUPP_10332,1,0,2024-11-25 11:43:30.517000,  2.07  ,
10610,  PROD_1714  ,SUPP_10296,16,85,2025-10-07 02:14:38.211000,0.51,
10576,PROD_1655,SUPP_10984,115,73,2025-10-04 18:15:04.365000,0.53,
10519,PROD_1805,SUPP_10342,44,58,2025-09-16 01:26:46.445000,3.16,
10751,PROD_2303#,SUPP_10108,258,28,2025-08-20 03:21:08.797000,4.64,
11171,PROD_1235,SUPP_10756,49,87,2025-10-08 15:42:02.935000,0.59,
11048,PROD_1574,SUPP_10691,  79  ,88,2025-09-24 09:55:54.634000,3.15,
10120,PROD_9999,SUPP_10542,Many,,2025-10-07 12:30:29.752000,2,
11115,PROD_2136,SUPP_10030,186,22,2025-09-11 01:28:23.436000,0.66,
10832,PROD_1007,SUPP_10543,13,62,2025-10-05 22:02:02.542000,4.8,
10446,PROD_1842,SUPP_10288,308,21,2025-10-01 14:30:42.985000,2.41,
10872,PROD_1183,SUPP_10481,487,185,2025-10-09 06:56:42.555000,2.58,
11101*,PROD_1202,SUPP_10623,421,125,2025-10-08 07:36:02.231000,  2.25  ,
10089,PROD_1783,SUPP_10525,174,76,2025-09-13 11:58:46.054000,0.27,
10403,PROD_2295,SUPP_10818,490,  20  ,  2025-09-19 02:45:35.658500  ,0.73,
10148,PROD_1648,SUPP_10296,364,32,2025-10-09 11:23:40.666000,0.76,
10115,PROD_2196,SUPP_10061,171,9,2025-08-28 12:41:51.101000,  3.85  ,
10285,PROD_1296,SUPP_10188,20,155,2025-10-11 08:00:22.609000,1.59,
10709,PROD_2051,SUPP_10384,183,23,2025-09-11 14:47:07.543000,4.21,
  10782  ,PROD_2410,SUPP_10916,4,  0  ,2023-10-29 20:43:30.348000,4.02,
11047,PROD_1639,SUPP_10927,72,71,2025-09-25 22:32:23.564000,0.28,
  11455  ,PROD_2408,SUPP_10810,0,0,2025-03-26 05:02:27.437000,4.57,
11430,PROD_2248,SUPP_10796,31,21,2022-06-13 22:09:00.283000,-99,
11255,PROD_1038,SUPP_10141,0,145,2025-10-08 19:09:57.220000,2.48,
11110,prod_2042,SUPP_10619,Unknown,,2025-08-24 20:05:04.881000,1.36,
11130,PROD_1259,SUPP_10007,5,119,2025-10-10 03:11:12.778000,0.59,
10402,PROD_2284,SUPP_10352,110,15,2025-09-02 06:49:27.019000,4.62,
10959,PROD_1953,SUPP_10928,18,8,2025-08-16 17:57:30.470000,2.2,
10442,PROD_2443,SUPP_10383,0,0,2023-12-29 16:27:07.850000,  1.68  ,
10893,PROD_2175,SUPP_10451,29,19,2025-08-20 22:56:45.009000,4.44,
11272%,PROD_1477,SUPP_10638,59,24,2025-09-14 23:10:41.934000,3.24,
11325,PROD_1180,,  22  ,135,,,
11198,PROD_2478,SUPP_10954,0,0,2025-04-28 07:39:57.293000,3.71,
  11399  ,PROD_1513,SUPP_10831,1,26,2025-10-07 05:43:46.377000,2.68,
11261,PROD_2100,SUPP_10105,86,5,  2025-08-14 07:57:20.278948  ,1.55,
11205,PROD_1381,SUPP_10305,145,  20  ,2025-09-28 19:34:05.277000,3.5,
10804,PROD_2453,SUPP_10699,7,0,2024-10-02 05:36:07.401000,1.64,
10859,PROD_1581,SUPP_10730,92,95,2025-09-29 05:45:18.223000,4.5,
10833,PROD_2438,SUPP_10052,0,0,2025-06-07 06:16:10.365000,3.34,
11118,PROD_1126,SUPP_10010,788,130,2025-10-06 18:10:00.429000,1.81,
10393,PROD_1549,SUPP_10166,72,39,2025-09-18 13:35:41.334000,0.69,
  10459  ,PROD_1905,SUPP_10012,105,13,2025-08-21 20:36:49.630000,3.28,
11004,PROD_1632,SUPP_10682,105,99,2025-09-25 06:47:07.630000,1.16,
10526,PROD_1760,SUPP_10313,75,68,2025-10-07 11:53:55.374000,4.89,
10538,PROD_1014,SUPP_10574,70,132,2025-10-09 20:25:09.949000,3.35,
  11254  ,PROD_2179,,-9999,-39,,,
10274,PROD_1728,SUPP_10094,392,61,2025-10-04 13:32:37.900000,3.99,
,,,-58,High,,,
,,,, ,,,
11436,PROD_2493,SUPP_10858,0,0,2025-05-18 03:40:36.783000,1.16,
10363,PROD_1819,SUPP_10703,49,74,2025-09-27 18:09:56.776000,1.03,
10385,PROD_1567,SUPP_999,10,23,11-10-2025,,
10607,PROD_1739,SUPP_10805,392,88,2025-09-19 10:16:45.484000,1.3,
11344,  PROD_2194  ,SUPP_10939,104,9,2025-10-01 03:28:17.317000,4.27,
11407,PROD_2222,  SUPP_10389  ,763,16,2025-07-14 12:27:06.813000,4.8,
11162,PROD_2271,SUPP_10893,255,6,2025-08-24 01:10:51.395000,5,
10835,PROD_1157,SUPP_10159,112,119,2025-10-11 03:17:04.795000,4.83,
11444,PROD_1863,SUPP_10852,82,96,2025-10-03 10:45:57.737000,0.38,
11484,PROD_1423,SUPP_10002,62,41,2025-09-23 10:52:12.469000,4.59,
11499,PROD_1499,SUPP_10863,146,44,2025-10-02 22:41:28.770867,2.82,
10193,prod_1131,SUPP_10824,10,177,2025-10-10 14:55:59.839000,4.99,
10047,PROD_1872,SUPP_10348,55,95,2025-09-29 20:14:50.996000,2.94,
10416,prod_2358,SUPP_10002,0,0,2024-03-31 13:29:10.057000,4.37,
10390,  PROD_2382  ,SUPP_10842,Few,,2024-05-23 15:03:11.025000,0,
11127,PROD_1365,SUPP_10021,387,69,2025-09-23 10:51:54.613000,4.21,
10217,PROD_1726,SUPP_10989,107,76,2025-09-13 19:36:59.456000,4.17,
11457,  PROD_1826  ,  SUPP_10673  ,314,93,2025-09-15 16:58:03.344000,1.5,
10855,PROD_1256,INVALID,188,111,2025-10-23 10:12:04.540000,-4.78,
11044,PROD_2429,SUPP_10672,0,0,2025-08-19 17:46:32.936000,3.68,
11064,PROD_1197,SUPP_10532,3,152,  2025-10-10 11:41:34.121062  ,2.91,
,,, ,,na,,
10175,PROD_1312,,428,60,,,
10160,DISCONTINUED,SUPP_10642,-91,  Auto  ,2025-10-01 10:10:23.513000,2.33,
11328,PROD_1138,SUPP_10160,101,132,2025-10-10 11:14:14.969000,1.43,
10549,PROD_2398,SUPP_10321,0,0,2024-01-16 22:08:58.334000,0.15,
  10825  ,PROD_1531,,86,48,,,
10614,prod_1861,SUPP_10129,58,35,2025-10-05 05:21:57.965000,2.28,
10308,PROD_1510,SUPP_10833,76,50,2025-09-20 05:30:07.493000,0.95,
10735,PROD_2466,SUPP_999,4,0,2025-10-11 23:46:00,Included,
10843,PROD_1009,SUPP_10109,13,90,2025-10-06 01:49:30.086000,3.0,
10167,PROD_1336,SUPP_10093,66,53,2025-09-13 07:14:53.799000,4.12,
11243,PROD_2388,SUPP_10780,0,0,2025-03-14 07:56:26.886000,1.73,
10091,PROD_1963,SUPP_10219,911,8,2025-09-12 01:47:24.449000,0.77,
10294,PROD_1077,SUPP_10683,540,156,2025-10-10 19:19:36.036000,4.97,
10161,PROD_1005,SUPP_10045,26,95,2025-10-08 13:18:45.795000,4.66,
10184,PROD_1095,SUPP_10433,2,131,2025-10-11 23:43:01.132000,4.56,
10887@,PROD_1758,SUPP_10686,67,37,2025-09-13 19:02:54.291000,3.32,
10677,PROD_1489,SUPP_10974,54,91,2025-09-26 10:40:25.982000,2.57,
10196,  PROD_1880  ,SUPP_10542,128,  45  ,2025-09-14 16:50:25.053000,1.78,
11411,PROD_1049,SUPP_10411,33,154,2025-10-09 20:45:20.421000,3.06,
10279,PROD_1204,SUPP_10115,0,78,2025-10-08 20:59:06.243000,1.6,
11377,PROD_1986,SUPP_10012,617,30,2025-08-22 06:30:38.642000,4.9,
10397,PROD_1707,SUPP_10349,6,53,2025-09-29 04:10:02.740000,4.37,
10714,PROD_1535,SUPP_10774,89,45,2025-09-16 11:12:22.525000,0.56,
11481#,PROD_2470,SUPP_10597#,7,0,2025-09-14 12:08:00.622000,4.19,
11356,PROD_2095,SUPP_10059,426,11,2025-10-03 14:36:25.013000,2.45,
10335,PROD_1590,SUPP_10738,96,61,2025-09-25 04:20:17.456000,1.23,
11258,PROD_2047,SUPP_10042,4,  19  ,2025-07-23 05:02:41.264000,  1.81  ,
11262,PROD_2013,SUPP_10977,52,25,2025-10-02 01:37:52.373000,4.76,
11143,PROD_1303,SUPP_10731,134,82,2025-09-16 07:24:37.780000,3.46,
11033,PROD_1065,SUPP_10708,138,163,2025-10-05 13:09:44.094000,2.37,
10221,PROD_1269,SUPP_10395,226,145,2025-10-08 04:02:47.085000,2.62,
10440,DISCONTINUED,SUPP_10902,-45,Low,2021-11-24 17:11:07.202000,999.99,
10564,PROD_1230,SUPP_10406,  9  ,75,2025-10-05 09:08:09.574000,0.34,
10935,,SUPP_10990,134,20,2022-11-06 00:25:18.997000,999.99,
10655,PROD_1776,SUPP_10332,10,88,2025-09-13 02:47:51.018000,3.72,
11428,PROD_1501,SUPP_10680,19,61,2025-10-02 00:06:10.325000,  0.18  ,
10084,PROD_2329,SUPP_10361,197,21,2025-09-12 13:03:39.134000,4.88,
10964,PROD_1318,SUPP_10102,95,68,2025-09-14 17:59:38.074000,2.48,
10105,PROD_2338,SUPP_999!,100,12,11-10-2025,,
10324,PROD_1279,SUPP_10147,106,116,2025-10-09 11:44:06.379000,0.61,
10912,PROD_1262,SUPP_10935,0,183,2025-10-10 13:40:44.914000,4.18,
10542,PROD_1134,SUPP_10665,156,189,2025-10-09 09:20:22.807000,0.59,
10713,PROD_2192,SUPP_10190,148,16,2025-08-12 17:55:33.720000,1.75,
10227,PROD_2160,SUPP_10974,332,14,2025-09-12 07:03:03.147000,3.14,
10269,PROD_1526,SUPP_10620,22,30,2025-10-10 10:08:36.149000,2.39,
,PROD_1347,,1000000,-29,,,
10726,PROD_2163,SUPP_10942,167,19,2025-09-22 02:49:01.555000,  4.73  ,
10435,PROD_1703,SUPP_10363,82,37,2025-09-26 23:19:09.442000,4.01,
11409,PROD_2411,SUPP_10188,0,0,2025-02-28 00:35:34.602000,3.23,
10436,PROD_1022,SUPP_10530,65,63,2025-10-11 18:11:44.200033,2.17,
10884,PROD_2327,SUPP_10638,986,29,2025-09-29 01:26:56.752000,3.32,
10199,PROD_2006,SUPP_10909,551,29,2025-10-03 20:05:58.276000,1.02,
10098,PROD_1350,  SUPP_10833  ,94,83,2025-09-28 06:30:08.076000,4.98,
11253,PROD_1735,SUPP_10372,58,27,2025-09-20 04:08:41.557000,4.33,
,PROD_9999,,Few,,,,
10237,PROD_1219,SUPP_10493,202,160,2025-10-08 02:15:54.727000,2.66,
10955,PROD_2045,SUPP_10186,820,14,2025-09-19 03:24:58.734000,4.19,
,PROD_2202,,1000000,-11,,,
11216,  PROD_1071  ,SUPP_10233,119,56,2025-10-10 20:05:36.259000,2.04,
10224,PROD_1168,SUPP_10366,17,162,2025-10-11 16:01:32.755000,1.97,
11034,PROD_2087,SUPP_10834,10,16,2025-09-07 18:31:00.718000,1.69,
10045,PROD_1108,,46,174,2025-11-03 16:24:47.564086,-4.41,
11433,PROD_1457,SUPP_10457,125,51,2025-09-26 14:00:18.852000,1.3,
10042,PROD_1570,SUPP_10512,18,75,2025-09-26 10:24:01.019000,3.7,
10231,PROD_1345,SUPP_10753,16,28,2025-09-30 06:17:54.821000,1.4,
  11116  ,PROD_2292,SUPP_10814,846,19,2025-09-24 19:02:13.583000,2.39,
10112,PROD_1677,SUPP_10706,58,37,2025-09-29 08:28:30.827000,2.44,
11477,PROD_2060,SUPP_10784,261,6,2025-09-18 05:23:37.890000,3.25,
10703,PROD_2147,SUPP_10231,754,11,2025-09-17 10:30:24.808000,1.46,
10859,PROD_1581,SUPP_10730,92,95,2025-09-29 05:45:18.223000,4.5,
10479,PROD_2109,SUPP_10590,48,17,2025-09-16 08:43:58.179000,4.9,
11491,PROD_1859,SUPP_10907,386,95,2025-09-26 12:25:32.554000,0.58,
11286,PROD_2339,SUPP_10138,137,16,2025-08-13 11:15:59.682000,2.01,
11301,PROD_1720,SUPP_10528,9,85,2025-09-30 12:01:07.641000,2.73,
10633,PROD_2455,SUPP_10606,46,0,2025-08-30 22:39:11.789000,3.12,
10028,PROD_2219,SUPP_10968,984,16,2025-09-25 10:25:56.819000,1.56,
11005,PROD_1107%,SUPP_10518,67,74,2025-10-05 04:13:24.684000,4.78,
10067,  PROD_1013  ,SUPP_10185,3,57,2025-10-10 14:35:51.812000,0.55,
11479,PROD_1079,SUPP_10753,200,69,2025-10-09 11:59:59.302000,0.49,
10694,PROD_2230,SUPP_10185,24,17,2025-07-25 15:20:20.726000,3.16,
10590,PROD_2250,SUPP_10060,  761  ,29,2025-07-16 18:57:34.358000,3.35,
  11366  ,PROD_1878,SUPP_10068,5,61,2025-10-03 05:54:30.608000,2.44,
11073,PROD_1406,SUPP_10605,200,89,2025-09-28 11:21:55.783000,4.1,
10868,PROD_1041,SUPP_10790,10,62,2025-10-06 15:16:44.158000,4.65,
10975,PROD_1083,,933,162,,,
10928,PROD_1081,SUPP_10904,192,169,2025-10-09 10:09:03.343000,2.64,
10243,PROD_1403,SUPP_10690,67,31,2025-09-26 21:56:22.772000,4.98,
10855,PROD_1256,INVALID,188,111,2025-10-23 10:12:04.540000,-4.78,
10749,PROD_1484,SUPP_10565,83,30,  2025-09-24 13:15:39.021201  ,4.05,
10834,PROD_1162,SUPP_10336,4,116,2025-10-06 05:37:44.937075,0.93,
10853,PROD_1745,SUPP_10365,  51  ,91,2025-10-10 08:44:15.504000,0.18,
10883,PROD_2063,SUPP_10707,821,23,  2025-09-24 08:39:05.029912  ,2.95,
10472,PROD_1658,SUPP_10489,16,20,2025-09-21 00:08:08.258000,3.36,
10856,  PROD_1734  ,SUPP_10102,3,20,2025-09-22 14:04:26.903000,2.19,
10016,PROD_1619,SUPP_10954,4,90,2025-09-20 00:35:44.350529,0.86,
10127,PROD_1822,SUPP_10982,79,58,2025-09-18 21:48:34.603000,3.45,
11134,PROD_1097,SUPP_10098,542,53,2025-10-06 18:08:26.766000,0.23,
11295,PROD_1115,SUPP_999,8,132,20251011,Free,
11441,PROD_2210,SUPP_10320,188,20,2025-07-25 01:27:59.458000,4.64,
10271,  PROD_2423  ,SUPP_10366,8,0,  2024-10-17 08:49:25.700438  ,0.92,
11086,PROD_2253,SUPP_10446,382,11,2025-09-25 13:44:11.289942,4.42,
10101,PROD_1086,SUPP_10046,136,181,2025-10-10 23:12:05.321000,0.78,
11058,PROD_1056,supp_10250,128,147,2025-10-06 10:48:37.142000,4.65,
10572,PROD_2003,SUPP_10571,92,14,2025-09-18 13:18:22.873000,0.18,
11445,,SUPP_10566,20,21,2025-09-16 12:58:56.268000,2.22,
10858,PROD_1332,SUPP_10704,41,24,2025-09-22 10:00:15.430000,2.71,
11210,PROD_1743,SUPP_10273,30,64,2022-02-19 00:49:27.495000,0.001,
11241,PROD_1914,SUPP_10251,660,21,2025-07-19 22:37:56.314000,2.21,
10023,PROD_2139,SUPP_10853,128,  24  ,2025-07-24 00:46:29.702000,3.31,
11335,prod_2346,SUPP_10210,747,23,2025-08-22 13:05:20.809000,2.77,
10192,PROD_2420,SUPP_10289,0,0,2025-08-10 04:52:41.978000,0.41,
10821,PROD_1491,SUPP_10166,20,27,2025-10-08 14:35:09.678000,2.23,
11297,PROD_1339,SUPP_10158,90,32,2025-10-08 12:48:22.994000,2.6,
10730,PROD_1323,SUPP_10520,12,48,2025-09-16 10:51:12.340000,3.59,
10531,,,-9999,-41,,,
10969,PROD_2265,SUPP_10602,693,9,2025-09-30 06:33:39.934000,1.06,
10645,PROD_1012,SUPP_10162,136,141,2025-10-08 07:50:03.428000,1.6,
11021,PROD_2134,SUPP_10401,11,8,2025-07-30 04:07:42.343000,2.16,
10029,PROD_1060,SUPP_10398,679,186,2025-10-06 20:21:06.249000,0.23,
11169,PROD_1771,SUPP_10713,5,72,2025-10-09 18:38:26.991000,4.48,
11087,PROD_2072,SUPP_10986,  154  ,18,2025-08-19 01:35:08.908000,2.81,
10066,PROD_1749,SUPP_10865,159,74,2025-10-08 10:26:30.802000,4.24,
11226,PROD_1061,SUPP_10525,856,66,2025-10-11 15:03:02.820000,  2.33  ,
10380,PROD_1613,SUPP_10304,41,72,2025-09-20 22:39:52.610000,3.97,
10958,PROD_1630,SUPP_10366,41,47,2025-10-04 22:02:05.882000,2.43,
11307,PROD_1416,SUPP_10434,77,41,2025-09-28 03:28:56.379000,0.48,
10036,PROD_1643,SUPP_10679,68,90,2025-09-19 06:46:48.852000,1.72,
,,,,,    ,,
10653,PROD_1781,SUPP_10514,81,66,2025-10-05 13:33:32.674000,0.65,
11099,PROD_1341,SUPP_10437,36,  58  ,2025-09-24 22:39:26.579000,4.75,
10018,PROD_1267,SUPP_10042,  34  ,76,2025-10-05 23:49:28.738000,  1.83  ,
10187,PROD_2140,SUPP_10878,45,19,2025-09-21 19:25:21.857000,3.89,
10046,PROD_1251,SUPP_10663,125,173,2025-10-05 09:22:40.770000,4.9,
11488,PROD_1062,SUPP_10749,187,98,2025-10-11 05:50:53.065531,1.37,
10625,PROD_1851,,109,70,,,
10921,PROD_1215,SUPP_10060,11,90,2025-10-05 09:14:11.991000,1.1,
10260,PROD_2296,SUPP_10828,  393  ,9,2025-10-10 09:46:30.279000,0,
11088,PROD_2390,SUPP_10520,4,0,2024-11-15 18:37:35.698000,3.04,
10323,PROD_1691,supp_10787,14,27,2025-10-06 16:37:35.724000,1.98,
11287@,  PROD_2392  ,SUPP_10997,0,0,2024-01-10 04:29:50.439000,3.24,
11203,PROD_1654,SUPP_10583,0,  21  ,2025-10-04 01:34:11.955000,3.07,
10484,PROD_2260,SUPP_10695,65,6,2025-07-23 12:39:44.833000,0.67,
10658,PROD_1319,SUPP_10283,26,56,2025-09-22 03:05:08.883000,1.44,
10079,PROD_1954,SUPP_10625,165,30,2025-09-01 21:21:11.426000,3.94,
  10635  ,PROD_1348,SUPP_10978,6,76,2025-09-24 06:30:13.412000,2.5,
  11031  ,prod_1631,SUPP_10673,154,22,2025-09-30 16:03:56.370000,0.25,
  10965  ,  PROD_2008  ,SUPP_10698,193,6,2025-09-23 08:29:43.015000,1.7,
11474,PROD_1333,SUPP_10907,244,74,2025-10-07 00:38:00.289000,0.95,
11030,PROD_1334,SUPP_10272,163,53,2025-09-15 12:27:39.912000,3.29,
11440,PROD_9999,INVALID,,,2025-10-22 16:42:32.615000,-4.09,
10986,PROD_1320,SUPP_10483,17,95,2025-09-23 06:58:44.488000,2.2,
10256,PROD_1955,SUPP_10536,72,25,2025-08-10 22:18:11.446000,4.66,
10933,PROD_1603,  SUPP_10202  ,48,68,2025-09-13 18:51:37.141132,1.75,
11257,PROD_1179,SUPP_10824,4,136,2025-10-07 14:29:18.985200,0.87,
10502,  PROD_2263  %,SUPP_10500,899,29,2025-07-30 17:03:00.766000,3.92,
11207,PROD_1465,SUPP_10805,35,53,2025-10-04 14:06:25.708000,1.49,
11322!,PROD_2077,SUPP_10775,317,14,2025-09-10 03:16:27.675000,1.12,
10480,PROD_9999,SUPP_10965,Few,,2025-09-28 07:14:48.367000,4.2,
10916,PROD_1393,SUPP_10141,64,55,2025-10-03 00:09:44.974000,2.75,
10245,PROD_1284,SUPP_999,27,146,20251011,Included,
11447,  PROD_1245  ,SUPP_10401,63,53,2025-10-06 00:16:49.388000,2.55,
11438,PROD_1398,SUPP_10137!,69,23,2025-09-30 21:22:08.493000,1.92,
10468,PROD_1076,SUPP_10714,3,198,2025-10-06 22:11:01.740000,4.76,
11279,PROD_1147,SUPP_10393,116,169,2025-10-05 13:38:23.557000,3.76,
10987,PROD_1997,SUPP_10465,184,17,2025-07-19 23:40:24.434000,0.17,
10621,PROD_2220,SUPP_10021,1000,29,2025-10-04 21:15:53.170867,3.85,
10296,PROD_2328,SUPP_10089,638,  21  ,2025-07-19 16:07:09.776000,2.92,
11201,PROD_2274,supp_10797,513,25,2025-08-21 07:46:15.920000,4.39,
11219,PROD_1741,SUPP_10584,38,91,2025-09-16 10:37:32.965000,2.17,
11344,PROD_2194,SUPP_10939,104,9,2025-10-01 03:28:17.317000,4.27,
10252,PROD_1111,SUPP_10407,66,74,2025-10-06 15:30:55.400000,2.3,
10325,prod_1840,,94,82,,,
10002,  PROD_1199  ,SUPP_10367,118,146,2025-10-10 03:32:57.790000,0.49,
10617,PROD_1682,SUPP_10704,99,64,2025-10-05 17:56:55.825000,2.47,
10273,PROD_1731,SUPP_10006,210,55,2025-10-03 15:04:26.330000,4.6,
11461,PROD_2032,SUPP_10551,109,8,2025-08-23 21:07:51.379000,4.7,
11392,PROD_1899&,SUPP_10788,15,68,2025-09-22 18:20:02.719000,2.67,
10486,PROD_2421,SUPP_10280,  0  ,0,2024-08-11 08:56:31.810000,2.47,
11195,PROD_1579,SUPP_10392,0,99,  2025-09-14 11:38:53.230037  ,2.19,
10014,PROD_2280&,SUPP_10083,  200  ,11,2025-07-28 16:46:17.791000,3.38,
10230,PROD_1924,SUPP_10228,125,17,2025-09-03 15:52:41.634000,1.88,
11049,PROD_1950,SUPP_10093,148,21,2025-09-14 02:15:32.671000,3.39,
,,,,,,,
  11197  ,PROD_2148,SUPP_10871,175,19,2025-09-29 04:56:02.337000,3.07,
10326,PROD_1917,SUPP_10341,44,25,2025-08-21 22:16:39.796000,0.54,
10620,prod_1649,  SUPP_10266  ,55,25,2025-10-10 10:56:58.766000,1.61,
10927,PROD_1271,SUPP_10219,794,182,2025-10-11 00:55:00.156000,1.29,
11427,PROD_1239,SUPP_10112,29,71,2025-10-10 13:32:44.267000,2.65,
11360,,SUPP_10188,-12,Low,2025-09-20 15:09:17.433630,2.27,
10632,PROD_2068,SUPP_10785,116,7,2025-09-15 09:33:08.132000,3,
10198,PROD_2243,SUPP_10195,842,16,2025-10-04 08:46:29.946000,1.63,
10659,PROD_2249,SUPP_10332,67,19,2025-09-29 05:36:33.674000,2.98,
10758,PROD_1848,SUPP_10445,6,28,2025-10-11 11:57:55.964000,4.77,
11065,PROD_2247,SUPP_10467,649,20,2025-08-28 12:46:14.730000,3.09,
10505,PROD_1446,SUPP_10716,49,74,2025-10-10 13:08:54.336000,3.25,
10312,PROD_1520,SUPP_10678,6,66,2025-09-29 05:02:45.249000,  4.22  ,
10514,PROD_2241,SUPP_10452,134,29,2025-09-21 19:11:11.709000,2.04,
10794,PROD_2154,SUPP_10086,992,17,2025-09-28 14:49:10.930000,1.48,
  10101  ,PROD_1086,supp_10046,136,181,2025-10-10 23:12:05.321000,0.78,
11441,PROD_2210,SUPP_10320,188,  20  ,2025-07-25 01:27:59.458000,4.64,
10122,prod_2057,SUPP_10936,607,29,2025-07-21 16:44:46.392000,1.49,
10167,PROD_1336,SUPP_10093%,66,53,2025-09-13 07:14:53.799260,4.12,
, ,,,    , ,,
10220,PROD_1679,SUPP_10223,344,21,2020-12-22 18:17:10.690000,999.99,
10799,PROD_1387,SUPP_10272,422,80,2025-09-30 11:35:19.579000,2.24,
10490,PROD_1928,SUPP_999,332,764,2025-10-11 23:43:28,,
11206,PROD_1114,SUPP_10485,19,140,2025-10-06 15:54:45.060000,0.15,
10948,PROD_1661,SUPP_10169,14,78,2025-09-13 11:09:49.946000,4.12,
10587,PROD_2316,SUPP_10143,143,7,2025-08-06 20:14:21.640000,1.77,
10647,PROD_1282,SUPP_10944,404,85,2025-10-11 19:08:45.318000,0.74,
10034,PROD_2126,SUPP_10793,647,  15  ,2025-09-29 08:38:04.872000,4.27,
10303,PROD_1774,SUPP_10654,7,60,2025-09-26 21:05:18.763000,3.89,
10058,PROD_2481,SUPP_10968,0,0,2024-10-15 16:50:26.490000,  3.66  ,
11341,PROD_1268,SUPP_10673,18,80,2025-10-11 07:33:09.413000,1.81,
10130,PROD_1764,SUPP_10054,219,97,2025-10-03 05:35:43.915000,0,
  11107  ,PROD_1125,SUPP_10894,112,96,  2025-10-09 00:54:57.205271  ,2.19,
11379,PROD_2119,SUPP_10170,189,25,2025-07-30 06:02:13.001000,0.52,
10298,PROD_1827,  SUPP_10349  ,416,44,2025-10-11 15:59:26.044000,1.72,
10837,PROD_1213,SUPP_10826,36,200,2025-10-08 15:31:32.350000,3.76,
10372,PROD_1242,SUPP_10734,10,  171  ,2025-10-11 12:34:12.875000,2.19,
11410,PROD_1538,SUPP_10018,Out of Stock,,2025-09-17 17:11:59,0.6,
10634,PROD_1000,SUPP_10331,86,170,2025-10-06 02:12:56.365000,1.7,
10476,PROD_2479,SUPP_10032,3,0,2025-09-07 15:49:34.781000,3.4,
10481,PROD_1351,SUPP_10280,424,68,  2025-10-03 00:59:56.072048  ,0.39,
11367,PROD_1926,SUPP_10024,173,9,2025-07-18 16:23:07.668000,0.84,
  10257  ,PROD_1778,SUPP_10884,377,37,2025-10-01 07:58:55.489000,4.85,
10133,PROD_1185,SUPP_10742,26,85,2025-10-06 06:47:43.148000,1.42,
10178,PROD_1801,SUPP_10559,346,48,2025-09-24 21:55:00.154000,0.9,
10925,PROD_1795,,60,82,,,
10455,PROD_2089,supp_999,153,13,2025-10-11 23:48:04,Included,
10015,PROD_2165,SUPP_10102,188,16,2025-09-13 14:35:20.416000,4.42,
10567*,PROD_1034,SUPP_10181,94,140,2025-10-08 20:42:12.624000,4.85,
10277,PROD_1978,SUPP_10513,28,20,2025-08-24 13:03:03.512000,2.04,
11002,PROD_1229,SUPP_10682,163,141,  2025-10-06 06:45:24.978553  ,4.37,
10351,PROD_1733,SUPP_10353,  329  ,76,2025-09-28 17:27:40.125000,3.73,
11278,PROD_1462,SUPP_10349,80,85,2025-09-27 14:01:33.891000,3.89,
10267,PROD_1889,SUPP_10464,295,99,2025-09-27 05:56:02.157000,4.3,
11496,PROD_1552,SUPP_10935,109,90,2025-10-10 19:49:28.635000,0.24,
10552,PROD_1430,SUPP_10984,399,41,2025-10-10 10:52:18.552000,3.99,
10984,PROD_1186,SUPP_10013,127,107,2025-10-05 03:38:38.060000,4.94,
10097,PROD_1688,SUPP_10751,167,33,2025-09-23 11:36:27.478000,1.66,
 ,,  NA  ,,, , ,
10616,PROD_1217,SUPP_10600,101,97,2025-10-11 19:46:00.534000,3.69,
11263,PROD_1571,SUPP_10251,62,68,2025-09-18 15:55:11.541382,4.85,
10443,PROD_1555,SUPP_10462,71,93,2025-10-06 10:46:35.701000,0.87,
10174&,PROD_1772,SUPP_10734,0,95,2025-09-30 22:15:29.356000,3.55,
11312,PROD_2129,SUPP_10064,605,14,2025-08-08 20:30:36.827000,0.79,
10329,PROD_2223,SUPP_10928,449,10,2025-07-31 15:50:03.726000,3.2,
11327,PROD_1419,SUPP_10574,166,93,2025-10-01 07:42:49.585000,2.8,
10340,,SUPP_10597,338,71,2025-10-07 22:01:12.700000,1.01,
10937,PROD_2259,SUPP_10284,814,28,2025-07-31 01:44:16.902000,4.82,
  11039  ,PROD_1577,SUPP_10390,33,32,2025-09-23 01:11:31.951000,  1.84  ,
10860,PROD_2005,SUPP_10285,117,29,2025-08-13 14:08:54.795038,4.19,
11184,PROD_2080,SUPP_10848,66,19,2025-08-25 09:09:40.260000,2.38,
11165,PROD_1361,SUPP_10723,342,76,2025-09-22 01:23:05.662000,2.66,
10295,PROD_1738,SUPP_10330,135,28,2025-10-11 10:00:43.330000,1.53,
10189,  PROD_2174  ,SUPP_10406,41,24,2025-08-10 19:07:02.106000,  2.29  ,
10483,PROD_1153,SUPP_10870,5,124,2025-10-11 18:14:47.374000,4.5,
10880,INVALID,SUPP_10966%,-76,Medium,2021-11-16 17:49:55.498936,0.001,
10359,PROD_1200,SUPP_10019,8,181,2025-10-05 05:07:33.846000,3.01,
10826,PROD_1854,SUPP_10428,60,39,2025-09-16 00:49:24.732000,3.55,
11458,PROD_1171,SUPP_10700,14,68,2025-10-10 15:07:38.398000,0.23,
 ,,,,,     ,,
10675,PROD_1850,,375,26,,,
11003,PROD_1716,SUPP_10450,64,83,  2025-10-08 09:31:01.885082  ,0.59,
10993,PROD_1148,SUPP_10093,146,77,2025-10-10 04:52:47.507000,4.91,
10255,,SUPP_10988,15,50,2025-09-26 01:26:43.448000,3.34,
10733,prod_1923,SUPP_10068,12,26,2025-08-28 14:47:22.487000,3.6,
10405,PROD_1286,  INVALID  ,  79  ,76,  2025-10-13 21:54:34.892835  ,-0.96,
10090,PROD_1133,,Out of Stock,,,,
11373,PROD_1896,SUPP_10334,271,26,2025-09-20 11:31:42.917000,4.35,
10106,PROD_1856,SUPP_10838,12,30,2025-09-20 08:10:01.148000,1.8,
  10347  ,PROD_1392,  SUPP_10165  ,122,76,2025-09-22 23:17:49.618000,1.38,
  10429  ,PROD_1474,SUPP_10066,19,92,2025-09-28 13:19:09.526000,  4.29  ,
11117,PROD_1545,SUPP_10762,0,79,2025-09-15 19:08:00.901000,4.81,
11487,PROD_2242,SUPP_10384,732,8,2025-07-30 07:46:16.165000,1.95,
11218,PROD_2307,SUPP_10424,897,27,2025-07-29 10:46:27.887000,3.13,
,PROD_9999,,Unknown,,,,
10922,PROD_1620,SUPP_10764,92,39,2025-10-06 12:14:33.877000,4.33,
10579,PROD_2106,SUPP_10205,8,21,2025-07-17 22:38:48.466000,0.57,
11492,PROD_1424,SUPP_10023,  456  ,68,2025-09-19 09:10:11.321000,3.48,
10547,PROD_1704,SUPP_10649,44,44,2025-10-01 09:03:52.056000,2.72,
10864,PROD_2088,SUPP_10975,752,25,2025-09-12 21:57:15.302000,3.77,
10070,,SUPP_999,336,772,20251011,Variable,
10983,PROD_1004,SUPP_10203,0,121,2025-10-11 01:46:21.422000,4.72,
,  PROD_2000  ,,1000000,-8,,,
10838,PROD_1082,SUPP_10037,23,145,2025-10-06 14:22:33.288000,  3.28  ,
11229,PROD_2371,SUPP_10390,0,0,2024-05-24 13:25:14.443000,4.99,
10382,PROD_1418,SUPP_10255,37,60,  2025-09-20 12:42:23.802891  ,2.31,
10775,PROD_2368,,  0  ,0,,,
10683,PROD_2355,SUPP_10075,6,0,2025-08-04 16:59:56.873000,2.99,
10044,PROD_2158,SUPP_10037,73,29,2025-07-27 22:11:00.113000,2.08,
10244,PROD_2350,SUPP_10936,0,0,2024-10-11 22:36:41.507585,4.1,
11384,PROD_2360!,SUPP_10105,0,0,2023-11-02 14:30:47.691000,2.84,
11043,PROD_1715,SUPP_10006,218,35,  2025-09-24 19:18:02.944383  ,3.3,
11468,PROD_1039,SUPP_10661,155,174,2025-10-09 04:53:27.809000,1.78,
10165,PROD_1987,SUPP_10678,111,30,2023-05-17 21:01:20.474000,0.001,
  10386  ,PROD_2036,SUPP_10725,28,15,2025-09-23 03:52:49.359000,4.66,
10069,PROD_1844,SUPP_10613,21,37,2025-09-22 11:34:34.636000,3.84,
10475,PROD_1130,,110,70,,,
11289,PROD_2244,SUPP_10680,171,24,2025-07-27 06:09:00.996000,1.89,
10943,PROD_1066,SUPP_10209,46,101,2025-10-09 14:24:53.440000,3.07,
10270,PROD_1515,UNKNOWN,,,2025-11-06 11:32:39.771000,-4.5,
10798,PROD_2101,SUPP_10349,10,17,  2025-10-03 00:04:42.162395  ,4.08,
11040,,SUPP_10945,-10,High,2025-09-20 18:39:42.393000,0,
10595,,SUPP_999,88,26,11-10-2025,Variable,
10682,PROD_1278,SUPP_10333,171,174,2025-10-09 01:46:12.735000,1.32,
10885,PROD_2320,SUPP_10254,10,21,2025-07-29 21:17:38.183000,4.45,
10558,PROD_1979,SUPP_10105,249,15,2025-07-24 17:49:08.822000,4.32,
10865,PROD_1328,SUPP_10614,90,29,2025-10-03 00:24:41.688000,0.84,
10823,PROD_2486,SUPP_10663,0,0,2025-02-06 10:29:34.937000,0.97,
10078,PROD_1221,  SUPP_10519  &,44,83,2025-10-07 06:37:15.421000,3.03,
10020,PROD_2369,SUPP_10197,0,0,2025-04-16 14:14:11.956028,0.44,
10818,PROD_1537,SUPP_10744,29,83,2025-09-29 08:26:12.679000,0.66,
10424,PROD_2061,SUPP_10359,800,10,2025-07-22 07:32:40.037000,3.72,
11074,PROD_1020,SUPP_10277,211,146,2025-10-09 00:16:05.364000,3.85,
10057,PROD_1698,SUPP_10937,20,58,2025-10-02 14:49:12.558000,3.28,
10911,PROD_2188,SUPP_10531,149,29,2025-08-31 03:38:08.953000,2.49,
10577,PROD_1611,SUPP_10128,337,78,  2025-09-15 02:39:55.858159  ,4.21,
10408,PROD_1441,SUPP_10444,2,39,2025-10-01 14:22:00.383000,4.52,
11456,PROD_1594,SUPP_10779,55,40,2025-10-03 22:51:08.141000,3.5,
10615,PROD_1843,SUPP_10343,423,29,2025-10-03 03:05:22.521000,3.56,
10711,  PROD_2489  ,SUPP_10029,0,0,2024-10-10 02:22:29.242000,3.45,
11013,PROD_2487,SUPP_10804,0,0,2024-12-29 14:10:39.522000,2.5,
11283,PROD_1331,SUPP_10157,53,95,2025-10-02 03:43:51.480000,3.1,
10687,  PROD_1321  ,SUPP_10663,64,75,2025-09-25 21:43:47.548000,4.46,
10177,PROD_2471,SUPP_10746,  0  ,0,2024-08-31 14:37:02.123000,1.13,
  10322  ,PROD_1541,SUPP_10973,463,  97  ,2025-09-30 08:25:30.156000,0.74,
11151,  PROD_1036  ,SUPP_10008,5,85,2025-10-08 20:58:26.765000,2.8,
11296,PROD_2200,SUPP_10210,  360  ,17,2025-08-24 08:40:46.913000,0.49,
10753,PROD_1135,SUPP_10192,31,125,2025-10-06 09:34:17.717000,3.05,
10417,PROD_2251,SUPP_10683,89,26,2025-10-10 16:55:28.680199,3.16,
11253,PROD_1735,SUPP_10372,58,27,2025-09-20 04:08:41.557000,  4.33  ,
10456,PROD_1048,supp_10621,126,69,2025-10-06 14:49:20.694000,3.39,
10213,  PROD_1744  ,SUPP_10516,412,55,2025-10-05 16:36:40.250000,2.05,
10888,PROD_2430,SUPP_10444,0,0,2024-09-05 02:53:45.579000,4.26,
11440,PROD_9999,INVALID,,,2025-10-22 16:42:32.615000,-4.09,
11119,PROD_1099,SUPP_10900,105,137,2025-10-05 02:12:29.980000,4.67,
10732,PROD_1765,SUPP_10706,74,44,2025-09-14 05:43:30.709000,4.1,
11396,PROD_1593,SUPP_10993,73,50,2025-10-01 10:06:06.720000,4.08,
10071,PROD_1231,supp_10249,7,136,  2025-10-07 10:48:53.178869  ,1.19,
10871,PROD_1084,SUPP_10841,29,124,  2025-10-05 19:57:42.512358  ,4.34,
10108,PROD_1623,SUPP_10328,  10  ,88,2025-10-05 10:18:36.065000,3.72,
11420,PROD_1308,SUPP_10114,51,41,2025-09-18 22:47:39.797000,2.07,
11124,PROD_2207,SUPP_10573,51,13,2025-09-19 23:40:03.051000,0.8,
10053,PROD_1893,SUPP_10706,9,81,2025-10-08 08:53:48.469000,0.62,
10667,PROD_1834,SUPP_10882,314,88,2025-10-02 10:16:03.942000,0.69,
10842,PROD_2203,SUPP_10957,505,8,2025-08-29 18:30:28.111000,4.49,
10998,PROD_2494,supp_10515,  0  ,0,2025-08-07 01:15:19.784380,0.97,
10176,PROD_1292,SUPP_10181,990,131,2025-10-08 00:43:45.946000,4.61,
11175,PROD_1456,,2,69,,,
11105,,SUPP_10094,78,49,2025-10-07 19:07:55.959000,0,
10698,PROD_2359,SUPP_10957,1,0,2024-03-25 19:03:41.178000,4.9,
10918,PROD_1802,SUPP_10889,0,63,2025-09-18 23:26:44.811000,2.45,
11043,PROD_1715,SUPP_10006,218,35,2025-09-24 19:18:02.944000,3.3,
10869,PROD_2083,SUPP_10510,183,21,2025-08-03 14:54:37.770000,3.27,
10717,PROD_1713,SUPP_10764,67,50,2025-09-24 18:32:19.575000,1.67,
,,,-74,Low,,,
11242,PROD_1439,SUPP_10325,8,60,2025-09-24 10:16:20.324000,4.27,
11338,PROD_1091,SUPP_10712,75,75,2025-10-11 17:39:33.118000,1.11,
10702,PROD_1391,  SUPP_10794  ,476,39,2025-09-16 22:32:18.055000,2.86,
10642,PROD_1216,SUPP_10317,35,155,2025-10-06 01:12:43.832000,1.21,
11017,PROD_2067,  SUPP_10591  ,0,9,2025-07-31 01:53:56.244000,3.71,
11393,PROD_1855,SUPP_10200,203,31,2025-10-06 22:54:01.050000,2.94,
10485,PROD_1488,SUPP_10668,32,68,2025-09-25 21:13:39.837000,1.45,
10784,PROD_1966,SUPP_10650,61,15,2025-08-17 21:58:21.526000,1.82,
10102,PROD_2035,SUPP_10835,540,23,2025-08-22 05:13:40.550000,1.61,
10561,PROD_2386,SUPP_10248,0,0,2024-06-13 05:31:16.425000,4.86,
10606,  PROD_1944  ,SUPP_10300,449,12,2025-08-30 15:23:45.502000,2.33,
10836,PROD_1189,SUPP_10361,759,72,2025-10-11 07:21:20.380000,4.96,
11137,PROD_1356,SUPP_10219,19,22,2025-09-19 14:13:26.235000,2.96,
  10437  ,PROD_1940,SUPP_10630,20,30,2025-08-24 11:12:46.292000,4.56,
10926,PROD_2252,SUPP_10625,  385  ,23,2025-07-31 21:03:54.961000,2.25,
10909,PROD_1627,SUPP_10808,49,93,2025-09-28 04:22:59.773000,4.68,
10901,PROD_1972,SUPP_10530,88,22,2025-09-01 08:26:20.792000,0.8,
,PROD_9999,,Many,,,,
10824,PROD_1684,SUPP_10102%,143,  44  ,2025-09-26 08:43:02.855000,3.97,
10989,PROD_1717,  SUPP_10181  ,409,95,2025-09-27 05:58:16.541000,0.46,
10776,PROD_1412,SUPP_10066,13,79,2025-09-12 17:36:37.251000,2.12,
10202,PROD_1599,SUPP_10851,46,25,2025-10-02 02:34:20.279000,2.79,
10438,PROD_2124,SUPP_10188,1,8,2025-08-30 03:32:31.774000,0.8,
11152,PROD_1238,SUPP_10904,14,159,2025-10-08 09:33:17.342000,2.1,
11419,PROD_1019,SUPP_10307,6,108,2025-10-05 06:02:28.012000,4.44,
11012,PROD_2319,SUPP_10911,202,30,2025-10-01 21:00:35.858000,1.79,
11193,PROD_2283,SUPP_10402,21,20,2025-07-17 14:20:56.294000,2.07,
10144,PROD_2452,SUPP_10953,0,0,2024-12-20 04:16:08.972000,  1.52  ,
10158,  PROD_2221  ,SUPP_10334,518,12,2025-07-24 22:06:09.224000,0.38,
10027,PROD_1596,SUPP_10240,264,39,2025-10-08 08:30:07.107000,1.23,
  10289  ,PROD_2293,SUPP_10550,61,6,2025-08-04 15:26:27.521000,1.03,
11319,PROD_1344,SUPP_10723,7,26,2025-09-27 15:51:22.766000,1.01,
11096,PROD_1952,SUPP_10194,61,22,2025-08-09 23:15:01.959000,2.8,
,PROD_1622,,99999,-1,,,
10007,PROD_1220,SUPP_10891,43,185,2025-10-05 16:59:36.775000,4.6,
11234,PROD_1458,SUPP_10138,53,41,2025-09-23 01:57:20.875000,4.81,
11183,PROD_1903,SUPP_10978,413,10,2025-09-30 06:46:35.892000,  0.24  ,
,,,,,,,
10065,PROD_1128,SUPP_10600,9,158,2025-10-11 19:25:36.631000,0,
10870,PROD_1929,SUPP_10304,Many,,2025-07-28 00:46:21.540000,0.2,
11275,,,97,84,,,
10803,PROD_1299,SUPP_10756,148,175,2025-10-05 22:23:08.167000,2.24,
  10389  ,  PROD_2276  ,SUPP_10266,11,20,2025-08-06 12:46:37.301000,0.3,
11163,prod_1965,SUPP_10832,310,8,2025-07-24 06:27:01.207000,2.99,
10062,PROD_2071,SUPP_10226,  945  ,21,  2025-09-01 02:17:50.088862  ,1.58,
10556,PROD_1932,SUPP_10392,198,23,2025-09-17 16:31:56.343000,4.94,
11277,PROD_2484,SUPP_10955,  0  ,0,2024-08-05 05:43:22.068000,0.12,
10218,PROD_1432,SUPP_10985,86,91,2025-10-03 08:45:04.208000,1.39,
11145,PROD_1172,SUPP_10393,111,166,2025-10-11 06:26:10.695000,3.74,
10612,PROD_2467,SUPP_10630,0,0,2025-05-23 14:26:07.692000,0.91,
10384,PROD_1989,SUPP_10174,215,19,2025-08-07 13:09:01.146000,4.15,
10771,PROD_1799,SUPP_10209,35,46,2025-09-27 14:39:31.497000,1.08,
10699,PROD_2496,SUPP_10994,0,0,2024-07-18 16:29:12.169000,1.15,
10451,PROD_1310,SUPP_10132*,345,46,2025-10-02 12:36:39.303000,0.74,
10114,PROD_1977,SUPP_10828,167,6,2025-09-23 15:40:22.836000,2.84,
10496,PROD_1396,SUPP_10491,451,35,2025-09-25 17:15:30.694000,2.09,
10259,PROD_2370,SUPP_10447,0,  0  ,2024-06-03 09:07:22.597000,3.71,
11365,PROD_1576,SUPP_999,15,  65  ,10/11/2025,Free,
  11042  ,PROD_1527,SUPP_10840,64,69,2025-09-30 08:30:03.307000,1.29,
11084,PROD_2143,SUPP_10763,0,11,2025-07-19 21:00:39.786000,3.77,
10093,PROD_2039,SUPP_10538,27,25,2025-09-26 17:51:05.864000,0.46,
10449,PROD_2107,SUPP_10390,151,8,2025-10-02 12:34:16.466000,1.71,
10188,PROD_2195,SUPP_10810,519,29,2025-09-07 20:56:49.685000,4.27,
10875,PROD_1506,,73,30,,,
11404,PROD_2215,SUPP_10490,83,11,2025-07-21 11:43:47.434000,2.1,
10722,PROD_1156,SUPP_10096,47,137,2025-10-06 21:29:24.653000,1,
10569,PROD_1948,SUPP_10495,120,9,2025-07-30 03:12:21.668000,4.9,
10540,PROD_9999,,,,2025-10-31 14:21:33.198000,-4.92,
10897,PROD_1942,SUPP_10301,62,6,2025-09-17 11:48:38.310000,1.26,
11223,PROD_2395,SUPP_10348,0,  0  ,2025-02-09 16:23:46.802000,1.9,
11402,PROD_1642,SUPP_10787,278,31,2025-10-01 19:38:16.818000,0.28,
10419,PROD_1656,SUPP_10849,144,71,2025-10-05 13:36:05.513000,2.99,
10316,PROD_1761,SUPP_10744,54,93,2025-09-17 23:57:02.260000,0.35,
10668,PROD_1902,SUPP_10644,639,13,2025-09-04 19:29:00.812000,3.81,
10251,PROD_1556,SUPP_10568,14,39,2025-09-27 21:51:27.695000,2.42,
11256,PROD_2050,SUPP_10244,28,25,2025-07-22 14:49:20.595000,0.53,
10509,PROD_1504,SUPP_10916,78,28,2025-09-17 00:55:57.670000,2.47,
10981,PROD_1068,SUPP_10520,46,71,2025-10-09 08:31:00.568000,4.11,
10425,,,64,77,,,
10352,PROD_1786,SUPP_10486,134,68,2025-09-26 23:52:41.926000,0.53,
11437,PROD_2334,SUPP_10145,152,24,2025-09-26 02:49:13.133000,1.01,
10638,PROD_1045,SUPP_10627,22,64,2025-10-06 10:35:25.164000,  2.27  ,
10242*,PROD_1915,SUPP_10953,  494  ,  29  ,2025-10-07 01:43:20.102000,4.12,
10575,PROD_1904#,,169,30,,,
10583,PROD_2066,SUPP_10155,195,9,2025-09-28 13:47:44.976000,1.46,
10413,PROD_1352,SUPP_10487,78,95,2025-09-19 05:06:07.034000,2.84,
10253,PROD_2306,SUPP_10178,123,29,2025-07-29 22:27:28.299000,3.71,
10095,PROD_2288,SUPP_10964,376,24,2025-08-22 13:56:49.285000,1.75,
10404,PROD_1970,SUPP_10693,11,  18  ,2025-10-06 02:31:15.844000,0.66,
11282,PROD_1508,SUPP_10260,0,  26  ,2025-10-08 20:02:44.045000,1.99,
10535,  PROD_1305  ,SUPP_10411,29,47,2025-09-18 09:29:07.691000,3.54,
11313,PROD_1615,SUPP_10752,99,40,2025-10-03 12:34:16.137000,3.23,
11022,PROD_1657,SUPP_10717,40,66,2025-09-23 18:49:48.925000,1.87,
10819,PROD_1674,SUPP_10646,88,95,2025-09-27 11:49:10.230000,2.65,
10778,PROD_1737,SUPP_10743,90,72,2025-10-11 03:23:41.772000,0.95,
10116,PROD_1265,SUPP_10182,  186  ,50,2025-10-09 10:36:01.872000,3.81,
11309@,PROD_1536,SUPP_10434,24,43,2025-10-06 05:49:02.465000,0.67,
10611,PROD_1152,  SUPP_10237  ,138,198,  2025-10-05 03:10:12.448285  ,2.59,
11230,PROD_1910,SUPP_10220,,,2025-08-12 08:46:25.668000,3.02,
11009,PROD_1610,SUPP_10315,0,24,2025-09-12 23:01:39.002000,2.9,
11493,PROD_2108,SUPP_10844,356,20,2025-08-10 09:47:09.459000,1.84,
11292,PROD_1304,SUPP_10380,3,39,2025-09-16 13:47:33.400000,1.55,
10801,PROD_2182,SUPP_10769,563,22,2025-07-29 04:05:00.837000,2.96,
10854,PROD_2232,SUPP_10451,427,8,2025-07-31 12:28:28.742000,0.28,
11414,PROD_2326,SUPP_10998,563,26,2025-10-08 17:46:28.787000,3.76,
11254,PROD_2413,SUPP_10347,0,0,2024-11-02 09:09:30.293000,4.39,
10593,PROD_1085,SUPP_10243,16,187,2025-10-07 14:21:30.597000,2.88,
10460,PROD_1472,SUPP_10257,267,37,2025-09-14 10:53:22.521000,1.73,
10282,PROD_1051#,SUPP_10040,129,54,2025-10-06 15:25:58.579000,1.8,
10056,PROD_1481,SUPP_10880,13,53,2025-09-19 22:14:15.668000,2.73,
10008,PROD_2000,SUPP_10835,5,22,  2025-09-17 16:02:34.373331  ,0.91,
10652,PROD_2201,SUPP_10750,7,21,2025-07-24 02:51:46.520000,1.98,
10516,PROD_1032,SUPP_10112,84,53,2025-10-10 11:40:36.863000,3.98,
10426,PROD_1025,SUPP_10688,193,187,2025-10-10 15:00:12.694000,0.5,
11132,PROD_1524,SUPP_10014,48,99,2025-10-02 04:14:22.420000,0.35,
10313,PROD_2055,SUPP_10880,159,22,2025-08-05 10:59:00.214000,4.12,
10035,PROD_2021,SUPP_999,141,22,2025-10-11 23:47:20,Included,
  10751  ,PROD_1935,,,,,,
11121,PROD_1505,SUPP_10461,32,68,2025-09-26 12:57:48.788000,1.27,
10118,PROD_1633,SUPP_10239,61,61,2025-10-06 21:56:54.800964,1.26,
10738,PROD_2184,SUPP_10396,111,25,2025-09-26 06:29:38.263000,2.33,
11359,PROD_2451,SUPP_10346,0,0,2025-06-07 19:18:00.219000,4.66,
  11148  ,PROD_1546,SUPP_10422,24,97,2025-09-15 15:05:19.862000,3.03,
,,,,,,,
10706,PROD_2169,SUPP_10612,110,22,2025-07-18 08:00:35.799000,3.74,
10502,PROD_2263,SUPP_10500,899,29,2025-07-30 17:03:00.766000,3.92,
10755,PROD_2336,  SUPP_10982  ,469,16,2025-09-02 14:20:50.924000,3.74,
10433,PROD_1176,SUPP_10801,14,66,2025-10-07 01:24:52.295000,0.6,
10867,PROD_1838,SUPP_10677,259,68,2025-09-17 11:25:37.301000,3.68,
11497,PROD_2448,SUPP_10989,6,0,2024-04-29 03:41:27.032000,4.37,
11336,PROD_1807,SUPP_10010,  95  ,30,2025-09-26 16:52:49.440000,3.88,
11252,PROD_1890,SUPP_10166,51,71,2025-09-29 10:36:48.456000,0.26,
10676,PROD_2020,SUPP_10009,315,25,2025-08-29 00:41:30.667000,1.05,
10974,PROD_1167,SUPP_10621%,26,58,2025-10-08 07:45:56.895000,1.99,
10672,PROD_1927,SUPP_10493,0,7,2025-09-10 06:08:41.205000,1.78,
11071,PROD_2422,SUPP_10075,8,0,2024-05-08 20:14:06.968000,3.5,
10857,PROD_1338,SUPP_10239,201,57,2025-10-09 13:37:47.876000,2.36,
10879,PROD_1664,SUPP_10133,309,66,2025-09-17 14:34:19.130000,3.19,
11174,PROD_1087,SUPP_10780,92,125,2025-10-05 19:33:48.731000,3.96,
11364&,PROD_1373,SUPP_10232,57,  47  ,2025-10-09 05:05:54.785000,0.77,
10396,PROD_1667,SUPP_10363,142,79,2025-09-14 08:03:22.256000,0.98,
10301,PROD_2135,SUPP_10849,106,30,2025-08-22 07:38:13.955000,  0.28  ,
  10966  ,PROD_1812,SUPP_10786,199,23,2025-09-29 20:23:19.277000,2.18,
10280,INVALID,SUPP_999,-52,High,10/11/2025,Free,
10141,  PROD_1507  ,  SUPP_10816  ,44,23,2025-09-20 15:15:27.874000,3.71,
10707,PROD_1302*,SUPP_10897,58,97,2025-09-15 16:48:38.403000,4.8,
11326,PROD_1787,SUPP_10307,343,51,  2025-09-16 02:03:08.189888  ,2.08,
11168,PROD_1274,SUPP_10400,149,140,2025-10-11 03:35:58.374000,4.25,
11323,PROD_1473,SUPP_10343,14,84,2025-09-24 04:02:44.515000,2.06,
11046,PROD_1266,SUPP_10061,11,90,2025-10-09 22:51:53.458000,3.37,
10851,PROD_1233,SUPP_10247,976,197,2025-10-06 13:04:46.644000,4.02,
11422,  PROD_1852  ,SUPP_10352,61,24,2025-10-08 16:00:12.421000,4.63,
10988,PROD_1864,SUPP_10994,  79  ,37,2025-09-20 18:25:08.537000,2.49,
10136,PROD_2325,SUPP_10558,228,27,2025-07-24 15:40:39.348000,1.13,
10504,PROD_1699,SUPP_10723,4,95,2025-09-30 13:47:50.665000,  3.18  ,
10495,PROD_1659,,309,30,2025-10-29 17:39:22.911000,-4.62,
10544,PROD_2172,,1000000,-43,,,
10388,PROD_1755,SUPP_10924,490,75,2025-09-19 01:23:51.087000,4.47,
11067,PROD_2444,SUPP_10789,0,0,2025-04-26 14:24:13.604000,0.9,
10197,PROD_1010,SUPP_10462,94,72,2025-10-09 02:01:41.943000,0.73,
11361,PROD_1313,SUPP_10367,191,46,2025-09-23 10:54:54.551000,2.43,
  10010  ,PROD_2111,SUPP_10135,197,30,2025-09-21 13:38:59.418000,2.09,
10306,PROD_2180,SUPP_10481,348,16,2025-09-11 11:24:27.866000,2.02,
10021,PROD_1078,SUPP_10111,139,180,2025-10-07 15:56:03.344000,0.67,
11056,PROD_1250,SUPP_10149,14,172,2025-10-08 05:31:01.902000,3.65,
10107,PROD_1519*,SUPP_10248,  88  ,72,2025-09-26 02:26:35.319000,1.72,
10051,PROD_1209,SUPP_10778,  39  ,  133  ,2025-10-05 21:48:35.185000,4,
11213,  PROD_2433  ,SUPP_10650,  0  ,0,  2024-01-02 08:15:07.906297  ,2.33,
10238,PROD_2387,SUPP_10100,0,0,  2024-08-10 01:31:52.637571  ,3.85,
11128,PROD_1869,SUPP_10453,214,56,2025-10-10 16:16:28.036000,3.83,
,PROD_1453,,  -9999  ,-34,,,
10968,PROD_1841,SUPP_10627,3,32,2025-10-09 15:34:10.919000,0.55,
11149,PROD_2235,SUPP_10738,  924  ,27,  2025-08-19 01:09:00.672982  ,2.58,
10235,  PROD_2353  ,SUPP_10652,1,0,2024-05-27 03:44:52.218000,1.16,
  11028  !,PROD_1810,SUPP_10402,97,28,2025-09-16 20:33:05.658000,2.21,
10661,PROD_1355,SUPP_10765,68,79,2025-09-20 01:48:16.591000,0.24,
10890,PROD_1606,SUPP_10408,40,85,2025-09-15 15:06:47.572000,1.43,
10967,PROD_1276,SUPP_10406,435,158,2025-10-05 13:00:23.129000,0.89,
  11190  ,,SUPP_999,43,186,10/11/2025,Included,
10038,PROD_2206,SUPP_10291,173,13,2025-07-19 10:44:44.154000,4.71,
11374,PROD_2364,SUPP_10898,0,0,2025-07-25 14:06:23.913000,2.92,
10704,PROD_2030,SUPP_10684,952,6,2025-07-25 01:51:07.570000,3.8,
10651,PROD_1358,SUPP_10309,32,39,2025-09-28 13:18:04.465000,1.5,
10343,PROD_1140,SUPP_10064,166,170,2025-10-08 11:22:49.541000,3.58,
10406,PROD_1270,SUPP_10157,86,156,2025-10-06 06:03:32.706000,3.87,
10861,PROD_1241,SUPP_10573,199,182,2025-10-10 14:42:59.468000,0.98,
10146,PROD_2287,SUPP_10116,190,29,2025-08-22 09:22:52.923000,3.62,
10349,PROD_1297,SUPP_10749,86,152,2025-10-10 18:28:28.285000,3.13,
10788,PROD_1447,SUPP_10730,15,97,2025-09-16 02:01:00.745000,2.86,
10976,PROD_2150,SUPP_10054,748,20,2025-09-20 13:48:47.983000,  3.05  ,
11014,PROD_1909,SUPP_10582,907,27,2025-09-07 00:40:21.905000,  0.56  ,
10839,PROD_2204,SUPP_10743,323,25,2025-08-21 06:52:45.550000,1.65,
10506,PROD_2115,SUPP_10329,124,18,2025-10-08 17:41:34.999000,1.01,
10063,PROD_1275,SUPP_10281,48,185,2025-10-08 00:01:35.004000,1.54,
11453,PROD_1587,SUPP_10936,92,33,  2025-09-14 12:30:16.153153  ,2.36,
10137,PROD_1939,  SUPP_10808  %,660,17,2025-08-23 12:56:00.479000,2.72,
10109,PROD_1628,SUPP_10897,22,62,2025-09-17 23:21:42.889000,1.49,
10917,PROD_1187,SUPP_10831,340,60,2025-10-06 07:03:35.059000,0.31,
11214,PROD_1836,SUPP_10899,313,69,2025-09-20 18:54:15.194000,3.8,
11123,PROD_2262,SUPP_10699,  236  ,27,2025-09-11 10:51:48.836000,2.36,
10156,PROD_1867,SUPP_10115,84,21,2025-09-27 13:05:54.905000,4.94,
10291,PROD_1402,SUPP_10735,32,30,2025-10-11 10:10:14.183000,2.67,
10365,PROD_2062,SUPP_10364,154,19,2025-10-08 03:40:15.593000,0.63,
11355,PROD_1102&,SUPP_10745,135,119,2025-10-05 03:18:20.309000,1.92,
10653,PROD_1751,,-9999,-18,,,
10773,PROD_1548,SUPP_10814,8,23,2025-10-11 21:23:47.766000,3.13,
10515,PROD_2099,  SUPP_10184  ,123,17,2025-07-28 22:20:33.059000,3.47,
10745,PROD_1248,SUPP_10901,41,142,2025-10-10 09:32:33.401000,4.66,
10129@,PROD_1694,SUPP_10016,  174  ,70,2025-09-20 21:07:10.833000,4.65,
10921,PROD_1215,SUPP_10060,11,  90  ,2025-10-05 09:14:11.991000,1.1,
11236,PROD_2137,SUPP_10727,166,18,2025-09-18 17:31:19.213000,0.16,
10715,PROD_2380,SUPP_10834,0,0,2023-06-30 04:15:32.473000,0.001,
10520,,SUPP_10796,-17,  High  ,2025-10-03 00:50:57.559000,0,
10030,PROD_1683,SUPP_10345,,,2025-10-11 20:19:47.132000,1.46,
11416,PROD_2086,SUPP_10789%,424,14,  2025-09-04 15:54:39.470730  ,1.29,
10720,PROD_9999,,,,2025-11-07 11:14:28.307000,-2.36,
11413,PROD_2425,SUPP_10376,7,0,2024-01-28 17:51:23.058000,0.34,
10466,PROD_2084,SUPP_10575#,174,11,2025-09-13 16:06:17.152000,0.86,
11489,PROD_1223,SUPP_10860,95,99,2025-10-10 06:10:50.485000,1.55,
  10786  ,PROD_1024,SUPP_10700,48,168,2025-10-07 11:54:57.044000,1.45,
11116,PROD_2292,  SUPP_10814  ,846,  19  ,2025-09-24 19:02:13.583000,2.39,
10230,PROD_1924,SUPP_10228,125,17,2025-09-03 15:52:41.634000,1.88,
  11405  ,  PROD_2367  ,SUPP_10162,0,0,2025-04-17 17:47:52.518000,2.27,
11001,PROD_1054,SUPP_10145,29,95,2025-10-09 14:04:08.964000,0.92,
10207,PROD_1895,SUPP_10152,0,40,2025-10-10 11:06:35.963000,2.58,
10447,PROD_2335,SUPP_10739,138,29,2025-07-19 01:01:49.767000,4.72,
10758,PROD_1848,SUPP_10445,6,28,2025-10-11 11:57:55.964000,4.77,
11435,PROD_2004,SUPP_999,175,6,2025-10-11 23:47:34,  N/A  ,
10467,PROD_1196,SUPP_10418,18,115,2025-10-05 23:08:50.468000,3.88,
10678,prod_1763,SUPP_10689,33,43,2025-10-07 20:05:46.228000,1.05,
10492,PROD_1258,SUPP_10371,28,106,2025-10-11 16:50:38.194000,1.96,
10489,PROD_1404,SUPP_10590,368,97,2025-09-13 07:59:38.472534,2.74,
10061,PROD_1533!,SUPP_10817,439,65,2025-09-28 19:40:30.593000,3.97,
10434,PROD_2205,SUPP_10901,548,5,2025-08-12 16:19:52.464000,2.32,
10025,PROD_1011,,107,182,,,
11271,PROD_1598,SUPP_10208,74,70,  2025-09-22 13:24:30.884858  ,2.07,
10641,  PROD_1142  ,  SUPP_10119  ,22,55,2025-10-08 05:57:07.052000,3.86,
10828,PROD_2069,SUPP_10474,927,  15  ,2025-10-05 00:18:26.866000,3.75,
10907,PROD_1757,SUPP_10697,21,50,2025-09-28 10:46:29.351000,1.91,
10996,PROD_2314,SUPP_10207,188,29,2025-10-02 17:43:15.249000,0.45,
11158,PROD_1094,SUPP_10314,357,136,  2025-10-11 11:11:28.602948  ,3.97,
10073,PROD_2356,SUPP_10310,0,0,2023-11-09 11:00:18.781000,2.59,
11164,  PROD_2460  ,SUPP_10052,  0  ,  0  ,  2024-06-05 08:36:04.146384  ,3.28,
10054,PROD_1103,SUPP_10932,124,140,2025-10-09 16:01:23.665605,1.17,
10139,PROD_1833,SUPP_10400,96,23,2025-10-01 19:19:49.732000,  2.47  ,
10685,PROD_1080,SUPP_10851,0,161,2025-10-10 01:39:12.878122,4.98,
10119,PROD_2436,,Few,,,,
10748,PROD_2228,  SUPP_10010  ,197,20,2025-07-23 07:29:55.602000,1.96,
10852,PROD_1414,SUPP_10191,470,54,2025-10-09 21:54:55.497000,2.97,
10083,PROD_2138,SUPP_10433,124,18,2025-08-29 09:11:54.829000,3.23,
10265,PROD_1144,SUPP_10061,6,192,2025-10-11 18:23:42.848000,3.96,
10991,PROD_1161,SUPP_10647,25,93,2025-10-06 07:08:25.236000,1.14,
11368,PROD_1516,SUPP_10933,31,59,2025-10-11 21:28:28.620000,1.04,
10936,PROD_1466,SUPP_10434,  91  ,36,2025-10-03 04:35:34.537000,1.14,
11111,PROD_1074,SUPP_10545,46,109,2025-10-08 15:44:46.189000,4.18,
  11180  ,PROD_1969,SUPP_10439,53,15,  2025-08-26 15:33:17.415486  ,2.12,
10802,PROD_1188,SUPP_10252,112,106,2025-10-09 23:28:18.032000,1.47,
10304,PROD_1702,SUPP_10587,42,89,2025-10-06 00:38:55.843000,2.27,
11353,PROD_2456,SUPP_10676,0,0,2024-04-19 22:23:26.437000,4.6,
  10602  ,PROD_1300,SUPP_10700,77,49,2025-09-13 19:43:37.747000,0.4,
10123,PROD_1686,  SUPP_10423  ,214,90,2025-09-25 10:30:28.433000,4.68,
11330,PROD_1208,SUPP_999,1,102,20251011,Included,
10581,PROD_1790,SUPP_10376,71,73,2025-09-14 05:42:00.615000,4.09,
11092,  PROD_1218  ,SUPP_10593,  164  ,155,2025-10-10 17:55:19.542000,2.17,
10354,PROD_1712,SUPP_10504,97,  75  ,  2025-09-16 20:49:25.302913  ,4.35,
10140,PROD_1191,SUPP_999,39,178,2025-10-11 23:44:16,,
10092,PROD_1646,SUPP_10871,43,  45  ,2025-10-10 11:51:02.665000,3.98,
,,,,,, ,
11318,PROD_1195,SUPP_10046,36,166,2025-10-09 00:43:54.825000,4.21,
10348,PROD_1064,SUPP_10414,20,189,2025-10-07 12:43:34.380000,4.88,
11051,PROD_1857,SUPP_10681,84,77,2025-10-05 00:05:08.502000,4.62,
11340,  PROD_1919  ,SUPP_10956,992,18,2025-09-14 03:41:46.772000,2.43,
10770,PROD_2405,SUPP_999,0,100,10/11/2025,,
10366,PROD_1860,SUPP_10156,10,86,2025-10-10 05:41:30.536000,3.86,
10705,PROD_1443,SUPP_10854,216,71,2025-10-05 03:07:19.127000,0.71,
10747,PROD_1995,SUPP_10286,  57  ,25,2025-09-27 11:39:54.077000,1.27,
10378,PROD_1719,SUPP_10450,14,34,2025-10-09 09:20:51.449000,1.65,
10777,PROD_1359,SUPP_10240,15,75,2025-10-08 22:35:05.930000,2.84,
  11339  ,PROD_2213,SUPP_10316,511,  5  ,2025-09-25 21:58:17.088000,  0.89  ,
10712,prod_2019,SUPP_10663,153,20,2025-08-09 13:46:50.939000,4.3,
11220,PROD_2321,  SUPP_10953  ,54,23,2025-09-07 16:03:48.667000,0.97,
10697,PROD_1164,SUPP_10734,29,127,2025-10-10 06:58:21.512000,1.71,
11178,PROD_2463,SUPP_10561,0,0,2024-04-13 03:22:54.418000,0.78,
10297,PROD_1058,SUPP_10476,0,139,2025-10-11 04:38:06.025000,2.85,
10630,PROD_1208,SUPP_999,,,10/11/2025,Included,
11235,PROD_2441,SUPP_10604,10,0,2024-06-25 04:03:17.577000,0,
10342,PROD_2457,SUPP_10721,2,0,2024-10-10 20:16:05.337000,4.91,
,    ,,-19,High,,,
11016,PROD_1592,SUPP_10629,89,49,2025-10-11 12:10:49.028000,0.76,
11299,  PROD_1980  ,SUPP_10045,176,21,2025-09-11 09:35:31.110000,3.94,
10827,PROD_2031,SUPP_10445@,860,28,2025-10-02 03:56:42.693000,2.98,
11008,PROD_1030,SUPP_10223,53,130,  2025-10-08 10:23:06.297106  ,1.35,
11375,PROD_2389,,47,0,,,
10840,PROD_9999,SUPP_999,,,11-10-2025,,
11212,PROD_1809,supp_10640,480,70,2025-10-10 17:46:00.861000,  3.66  ,
10743,PROD_1149,SUPP_10021,14,101,2025-10-05 17:47:30.319000,3.74,
10181,PROD_1222,SUPP_10026,125,151,2025-10-06 14:49:47.571000,2.41,
  10729  ,PROD_2428,SUPP_10921,0,0,2024-09-28 13:12:49.701000,1.64,
10239,prod_1018,SUPP_10384,4,199,2025-10-07 09:48:40.543000,1.34,
10376,PROD_1109,SUPP_10986,12,66,2025-10-08 08:02:00.865000,4.51,
11363,PROD_1445,SUPP_10725,19,63,2025-10-05 18:23:45.482000,1.95,
10230,PROD_1924,SUPP_10228,125,17,2025-09-03 15:52:41.634000,1.88,
10904,PROD_1671,SUPP_10663,59,85,2025-09-30 18:53:17.935000,2.81,
10734,PROD_1947,SUPP_10205,183,12,2025-07-21 02:05:46.713000,0.29,
11260,PROD_9999,SUPP_999,,,10/11/2025,Included,
11398,PROD_2323,SUPP_10024,137,8,2025-07-21 02:51:28.025000,2.06,
11348,PROD_2155,SUPP_10605,0,7,2025-08-20 20:54:09.258000,0.29,
,,,,,,,
11316,PROD_1983,SUPP_10843,21,14,2025-08-05 14:33:15.029000,0.17,
11057,PROD_1089,SUPP_10707,0,133,2025-10-10 20:07:11.949000,1.58,
10919,PROD_2214,SUPP_10147,107,19,2025-09-22 16:59:20.234000,3.62,
10594,PROD_1388,SUPP_10299,98,29,2025-10-09 12:22:14.883000,0.47,
11052,PROD_1360,SUPP_10361,11,69,2025-09-23 20:58:39.853000,  4.88  ,
11333,PROD_1170,SUPP_10683,920,195,2025-10-07 07:08:32.119000,2.35,
  10427  ,PROD_1023,SUPP_10127,0,55,2025-10-06 11:24:21.341000,3.82,
10764,PROD_1825,SUPP_10080%,498,100,  2025-10-04 15:29:59.171901  ,1.97,
11345,PROD_2488,SUPP_10008,8,0,2025-07-06 10:18:22.343000,4.31,
10666,PROD_2070,SUPP_10454,96,24,2025-10-04 14:46:09.595000,4.21,
11482,PROD_2289,SUPP_10069,93,28,2025-09-26 15:57:13.725000,0.98,
10604,PROD_1475,SUPP_10636,1,95,2025-09-26 09:11:42.066000,0.23,
11462,PROD_2297,  SUPP_10575  *,836,15,2025-08-21 05:34:39.232000,0.2,
11446,  PROD_2181  ,SUPP_10852,383,8,  2025-10-04 14:44:43.969045  ,2.15,
10132,PROD_1797,SUPP_10779,9,91,2025-09-29 05:08:54.457000,2.82,
10597,PROD_1605,SUPP_10393,15,75,2025-09-26 21:01:59.606000,2.71,
10362,PROD_1285,SUPP_10185,159,130,2025-10-08 22:03:04.320000,0.71,
10211,PROD_1951,SUPP_10109,17,11,2025-09-22 23:17:33.833000,2.34,
11264,PROD_1244,  SUPP_10776  ,47,126,2025-10-09 19:52:46.809000,4.25,
10626,PROD_1543,SUPP_10147,3,82,2025-09-23 13:41:48.958000,3.01,
10454,PROD_1595,SUPP_10930,73,29,2025-09-28 23:50:35.824000,3.8,
,, ,     ,,,,
10286,PROD_2416,SUPP_10627,0,0,2024-01-01 17:33:56.769000,3.47,
11443,PROD_1580,SUPP_10592,31,40,2025-09-14 13:11:26.170000,1.48,
10553,PROD_1547,SUPP_10382,186,52,2025-09-14 11:10:12.889000,2.98,
10849,PROD_1132,SUPP_10600,  33  ,120,2025-10-06 02:49:34.348000,4.21,
10830,PROD_1692,SUPP_10696,56,95,2025-09-18 13:45:51.008000,3.1,
11423,PROD_1871,SUPP_10850,68,41,2025-09-12 14:48:11.549000,3.83,
11185,PROD_1028,SUPP_10963,29,167,2025-10-06 00:10:20.481000,1,
10478,PROD_1181,SUPP_10659,148,161,2025-10-09 10:13:21.637000,4.06,
10736,PROD_2208,SUPP_10199,226,12,2025-07-17 05:13:09.106000,3.05,
10151,PROD_1295,SUPP_10579,8,167,2025-10-10 23:55:16.975000,0.18,
,,,,,,,
11077,PROD_2097,SUPP_10717,153,28,2025-07-21 17:50:25.858000,4.08,
11346,PROD_1993,SUPP_10455,0,25,2025-10-05 09:03:22.381000,4.9,
10026,PROD_2498,SUPP_10913,9,0,2024-11-09 12:22:57.138000,4.5,
10488,PROD_1586,SUPP_10668,32,30,2025-09-26 06:39:33.281000,4.9,
11221,PROD_1497,SUPP_10791,80,20,2025-10-07 04:08:27.706000,2.72,
11429,PROD_1559,SUPP_10521,75,26,2025-09-30 03:57:41.427000,3.68,
10710,PROD_2340,SUPP_10762#,863,23,2025-08-20 16:29:09.046000,4.33,
10696,PROD_1858,SUPP_10921,37,  98  ,2025-09-28 00:08:44.507000,  3.38  ,
10560,  DISCONTINUED  ,  SUPP_999  ,-48,Low,10/11/2025,Variable,
11321,PROD_1779,SUPP_10914@,47,37,2025-10-01 00:15:00.050000,1.46,
10952,PROD_2447,SUPP_10087,0,0,2025-06-05 03:55:58.779000,3.85,
11448,PROD_1264@,SUPP_10821,829,198,2025-10-07 19:17:58.445000,0.28,
11387,PROD_2465,SUPP_10493,0,0,2024-03-14 21:51:48.374000,3.44,
11424,PROD_1210,SUPP_10434,72,110,2025-10-10 01:49:31.285000,  4.62  ,
10284,  PROD_1324  ,SUPP_10211,95,37,2025-10-02 20:59:38.594000,1.61,
11133,  PROD_1301  ,SUPP_10797,25,70,2025-09-27 18:00:44.972000,4.48,
10829,  PROD_1696  ,SUPP_10151,38,55,2025-10-10 09:50:42.027000,4.55,
11415,PROD_1442,SUPP_10875,84,58,2025-09-12 13:57:15.202000,2.64,
10669,PROD_2144,SUPP_10710,168,13,2025-08-08 15:34:19.471000,1.78,
10216,PROD_1467,SUPP_10771,284,91,2025-09-25 13:15:58.048000,4.34,
10411,PROD_1160,SUPP_10861,6,81,2025-10-06 01:52:57.407000,2.3,
10810,PROD_2342&,UNKNOWN,,,2025-11-07 20:15:45.910000,-4.79,
10929,  PROD_1994  ,SUPP_10946,0,14,2025-09-23 00:22:22.035000,1.26,
,,,,,,,
11459,PROD_2264,SUPP_10390,880,10,2025-09-12 00:22:28.380000,3.9,
10541,PROD_1815,SUPP_10997,35,90,2025-09-14 01:04:42.887000,3.01,
10186,PROD_2092*,SUPP_10038,12,27,2025-08-07 16:41:59.436266,2.07,
10977,PROD_2440,SUPP_10467,9,0,2024-07-27 06:48:07.926000,3.7,
10135,  PROD_1662  ,,  46  ,60,2025-10-29 17:25:44.210000,-3.57,
11141,PROD_2079,SUPP_10999,313,24,2025-07-30 00:08:59.688000,  4.25  ,
11245,PROD_2073,SUPP_10329,683,27,2025-08-27 11:04:45.375000,2.83,
10493,PROD_1831,SUPP_10564,151,69,2025-09-17 14:01:14.910000,0.99,
10464,PROD_2238,SUPP_10742,369,10,2025-08-14 20:16:37.498000,3.07,
10087,  PROD_1791  ,SUPP_10447,77,83,2025-09-16 10:04:24.926000,1.9,
  10690  ,PROD_2348,SUPP_10213,,,  2025-07-26 08:31:52.255330  ,0.34,
10681,PROD_1817,SUPP_10785,9,52,2025-10-11 21:59:59.906000,1.54,
10973,PROD_1203,SUPP_10461,103,92,2025-10-10 11:55:55.547000,2.5,
10586,PROD_1165,  SUPP_10715  ,85,  114  ,2025-10-11 17:52:51.080000,2.51,
10076,PROD_1828,SUPP_10290,98,38,2025-09-22 22:03:42.055000,4.59,
10719,  PROD_2049  ,SUPP_10665,689,26,2025-08-12 13:43:46.584000,1.84,
11035,PROD_2374,,0,0,  2025-10-14 01:22:48.267446  ,-3.89,
10369,PROD_1116,SUPP_10131,200,147,2025-10-07 00:10:15.014000,  0.58  ,
10099,PROD_2078,SUPP_10611,171,18,2025-09-29 02:21:48.283000,0.76,
10131,PROD_1830,SUPP_10442,95,57,2025-10-01 03:05:18.146000,4.01,
  10561  ,PROD_2386,SUPP_10248,0,0,2024-06-13 05:31:16.425000,4.86,
10913,PROD_1792,SUPP_10207,4,47,2025-09-23 20:02:37.390000,4.11,
10332,  PROD_1452  ,SUPP_10948#,96,80,2025-10-06 17:59:32.405000,3.49,
10317,PROD_1681,SUPP_10878,9,95,2025-10-11 21:51:04.151000,3.72,
10024,PROD_1697,SUPP_10095,216,25,2025-10-11 03:34:53.952000,1.3,
11159,PROD_1573,SUPP_10658,36,45,2025-10-01 14:34:51.317000,  2.78  ,
11208,PROD_1464,SUPP_10470,80,66,2025-09-20 07:22:00.706000,2.44,
10364,PROD_1377,SUPP_10404,153,41,2025-10-09 08:33:05.825000,  0.42  ,
10094,PROD_1119,SUPP_10851,44,107,2025-10-10 20:55:09.074567,1.8,
10613,PROD_1451,SUPP_10144,383,23,2025-09-13 18:42:09.056000,3.03,
10240,PROD_9999,SUPP_10568,,,2025-09-13 08:31:21.804000,1.34,
10723,PROD_2426,SUPP_10096,0,0,2025-05-18 19:40:09.294000,3.07,
10527,PROD_2002,SUPP_10657,26,18,2025-08-02 14:20:05.575000,1.05,
,,,,, ,,
11068,PROD_1747,SUPP_10747,81,53,  2025-09-25 18:34:02.920312  ,2.13,
10565,PROD_1072,SUPP_10661,4,118,2025-10-06 14:11:38.995000,1.27,
10781,PROD_1434,SUPP_10700,83,67,2025-09-28 03:00:18.923000,2.79,
11302,  PROD_1194  ,SUPP_10203,45,186,2025-10-10 08:35:21.520000,3.05,
11142,PROD_2352,SUPP_10640,3,0,2024-12-31 07:45:39.219000,1.47,
10356,PROD_1784,SUPP_10277,33,21,2025-10-11 09:20:55.696816,0.77,
10742,PROD_1317,SUPP_10279,40,45,2025-10-08 21:34:25.492000,0.84,
11102,PROD_1298,SUPP_10098,0,70,2025-10-10 20:56:09.433000,4.85,
  10895  ,PROD_1389,SUPP_10207,72,79,2025-09-30 03:41:57.850000,0.15,
10201,PROD_1796,,,,,,
11486,PROD_1846,SUPP_10215,88,35,2025-09-21 04:42:50.614000,2.5,
10882,PROD_1088,SUPP_10118,192,99,2025-10-08 23:49:08.598000,1.78,
10769,PROD_1046,SUPP_10685,46,108,2025-10-05 06:31:56.068000,2.96,
10319,PROD_2226,SUPP_10764,187,20,2025-07-24 21:57:54.451000,1.39,
10452,PROD_1394,SUPP_10456,410,92,2025-09-17 08:57:26.872000,4.41,
10902,PROD_2294,SUPP_10458,118,21,2025-07-23 08:18:27.270000,3.29,
11139,  PROD_1260  ,SUPP_10108,528,73,2025-10-06 22:24:23.469000,0.94,
10441,PROD_1512,SUPP_10874,58,  55  ,2025-09-12 08:21:17.709000,4.38,
11172,PROD_1650,SUPP_10563,32,55,2025-09-29 21:08:16.948000,4.57,
10914,PROD_1354,SUPP_10713,495,65,2025-09-30 18:03:17.253000,0.97,
  10222  ,PROD_2490,SUPP_10067,4,0,2024-08-21 16:02:20.396000,3.46,
11320,PROD_9999,SUPP_10098,Few,,2023-04-24 17:08:04.923000,999.99,
11408,PROD_1498,SUPP_10585,403,70,2025-10-08 01:20:39.110000,1.82,
10387,PROD_1106,SUPP_10594,94,169,2025-10-05 14:23:39.003000,0.75,
11122,PROD_1254,SUPP_10858,26,90,2025-10-11 18:20:10.639000,2.77,
11383,PROD_2133,SUPP_10051,840,17,2025-07-16 07:54:01.823000,2.63,
10195,  PROD_1816  ,SUPP_10228,74,57,2025-10-07 19:07:24.427162,0,
10878,PROD_1793,SUPP_10858,172,41,2025-09-23 09:00:37.385000,4.09,
10041,  PROD_2315  ,SUPP_10603,43,9,2025-10-09 04:51:14.897000,4.55,
,,,-7,low,,,
11125,PROD_1417,,209,  93  ,,,
10657,prod_2309,SUPP_10263,644,23,2025-09-14 03:19:54.952000,1.38,
11401,PROD_2093,SUPP_10427,449,22,2025-08-29 04:47:51.291000,4.59,
10064,PROD_1724,SUPP_10847,72,60,2025-10-02 10:54:36.856000,3.36,
10765,,,127,81,2025-10-21 12:34:11.700000,-3.19,
11403,PROD_1729,SUPP_10142,400,37,2025-09-15 09:51:20.793000,3.37,
11224,PROD_1192,SUPP_10477,157,148,2025-10-08 17:28:27.261000,3.21,
10444,PROD_1946,  SUPP_10436  ,170,15,2025-08-16 13:36:49.113000,1.44,
10258,PROD_1736,SUPP_10374,54,37,2025-09-25 20:58:28.620000,1.79,
11397,PROD_1824,SUPP_10270,42,20,2025-10-09 21:54:10.452000,0.29,
11094,PROD_1561,SUPP_10211,  375  ,68,2025-10-08 14:39:01.903000,1.54,
11306,PROD_2191,SUPP_10024,104,20,2025-09-05 07:41:26.241000,3.57,
10640,,SUPP_10705,-36,Auto,  2025-09-17 12:56:12.123645  ,0.95,
10554,PROD_2038,SUPP_10380,88,27,2025-07-21 02:30:31.666000,0.15,
11244,PROD_1777,SUPP_10872,56,54,2025-09-13 06:13:47.714000,2.52,
10510,,SUPP_10407,,,2025-09-29 04:10:34.828000,3.46,
11490,PROD_1059,SUPP_10194,30,75,2025-10-11 15:18:51.147000,4.48,
10163,PROD_2122,SUPP_10791,951,12,2025-09-29 18:07:13.442000,0.84,
11213,PROD_2433,SUPP_10650,0,0,2024-01-02 08:15:07.906000,2.33,
11386,PROD_2186,SUPP_10068,140,22,2025-09-11 01:09:19.359000,1.91,
  10463  ,PROD_1616,SUPP_10622,13,28,2025-09-15 02:11:35.268000,4.36,
10815,PROD_2497,SUPP_10575,0,0,2024-07-08 09:01:32.236000,1.17,
10512,PROD_1411,SUPP_10949,55,46,2025-09-28 09:11:47.688000,2.72,
10001,PROD_1191,SUPP_10223,43,189,2025-10-05 04:01:26.505000,2.16,
10529,PROD_1470,SUPP_10769,66,72,2025-09-28 23:26:40.351000,4.49,
10281,PROD_1882,SUPP_10885,250,49,2025-10-10 09:14:23.178000,4.9,
11238,PROD_1584,SUPP_10873,475,58,2025-09-16 21:45:04.571000,0.68,
10214,PROD_2495,SUPP_10222,4,0,2024-01-13 02:33:34.166000,1.79,
10264,PROD_1660,SUPP_10598,0,25,2025-09-28 17:33:20.647000,2.95,
  10761  #,PROD_1471,SUPP_10500,81,69,2025-10-09 18:53:28.631000,3.78,
  11391  ,PROD_1695,SUPP_10500,279,77,2025-10-06 00:36:52.292000,4.93,
10792,PROD_1139,SUPP_10149,3,68,2025-10-06 11:23:38.503000,2.87,
11155,PROD_2218,SUPP_999,704,12,11-10-2025,  Variable  ,
10759,PROD_1585,  SUPP_10700  ,  20  ,56,2025-09-18 02:42:10.341000,1.77,
11371,PROD_1956,SUPP_10886#,266,13,2025-07-25 20:46:06.294000,1.65,
11390,PROD_1327,SUPP_10123,58,81,2025-09-20 12:58:33.824000,3.3,
10031,PROD_2361,SUPP_10041,0,0,2024-08-27 12:49:07.663000,0.2,
11281,PROD_1400,SUPP_10007,  74  ,77,2025-09-20 17:02:47.530000,3.45,
11265,PROD_2439,SUPP_10471,81,0,2023-01-19 14:50:50.560000,0.001,
10233,PROD_2446,SUPP_10006,0,0,2023-12-02 08:14:00.485000,1.23,
10275,PROD_1813,,314,35,,,
10276,PROD_1794,SUPP_10514,40,77,2025-10-09 02:41:01.484000,3.79,
11317,PROD_1201,SUPP_10740,41,133,2025-10-11 03:48:46.245000,0.55,
10568,PROD_1228,SUPP_10793,17,139,2025-10-06 21:23:36.813000,4.95,
10142,PROD_2209,SUPP_10191,134,  20  ,2025-10-05 03:28:12.282000,2.69,
  11131  ,  PROD_1277  ,SUPP_10147,170,171,2025-10-08 15:10:27.164000,0.84,
  10312  ,PROD_1520,SUPP_10678,6,66,2025-09-29 05:02:45.249000,4.22,
11157,PROD_1925,SUPP_10849,6,5,2025-10-06 14:24:58.204000,0.28,
11019,PROD_1651,SUPP_10957,79,32,2025-10-02 16:35:18.068000,3.09,
10173,PROD_1798,supp_10970,93,83,2025-09-30 12:23:34.924000,2.76,
10226,PROD_2225,SUPP_10145,427,8,2025-09-19 00:08:03.824000,0.99,
11085,PROD_1886,SUPP_999,0,90,10/11/2025,Variable,
11362,PROD_1644,SUPP_10544,12,94,2025-10-11 20:22:17.710000,0.34,
11136,PROD_2041,SUPP_10827,172,18,2025-07-21 18:25:00.445000,0.36,
10578,PROD_2199,SUPP_10598,958,21,2025-08-20 18:37:27.987000,0.81,
11063,PROD_1485,SUPP_10059,375,26,2025-09-25 13:11:41.206000,0.9,
10557,PROD_2311,SUPP_10821,128,7,2025-10-05 05:01:05.418000,2.83,
11288,PROD_1775,SUPP_10276,  220  ,87,2025-10-04 16:21:37.230000,3.04,
10701,PROD_1839,supp_10849,36,64,2025-09-25 00:03:40.276000,1.6,
10201,PROD_2279,supp_10258,411,14,2025-10-01 20:18:08.383000,2.16,
10121,PROD_2341,SUPP_10617,393,26,2025-08-26 20:55:48.274000,2.84,
10780,PROD_9999,SUPP_10210,,,2025-10-07 01:30:03.882000,  0  ,
10131,PROD_1830,SUPP_10442,95,57,2025-10-01 03:05:18.146000,4.01,
11079,PROD_1143,SUPP_10972,15,78,2025-10-11 19:24:02.806000,3.59,
10811,PROD_2357,SUPP_10965,9,0,2024-01-18 07:25:50.922000,4.2,
10724,PROD_2076,SUPP_10576,68,10,2025-10-10 08:00:41.870000,2.72,
10649,PROD_1821,  SUPP_10684  ,80,69,2025-09-21 14:02:30.675000,0.73,
11417,PROD_1934,SUPP_10738,  95  ,28,2025-07-23 05:34:31.545000,  4.13  ,
11010,PROD_1431,SUPP_10907,32,37,2025-10-04 17:25:16.921000,3.12,
11469,PROD_2454,SUPP_10456,49,0,2024-10-28 09:20:02.840000,1.72,
11147,PROD_1169,SUPP_10325,49,178,2025-10-10 21:37:20.928000,0.79,
10373,PROD_2217,SUPP_10687,385,21,2025-08-04 19:31:53.706678,4.33,
11053,PROD_1067,SUPP_10711,0,144,2025-10-11 10:45:54.802000,1.81,
10979,PROD_1532,SUPP_10851,49,50,2025-09-24 16:46:17.241000,2.88,
11372,PROD_1885,SUPP_10266,77,41,2025-09-21 09:22:34.824000,1.47,
10627,PROD_1553,SUPP_10854,25,20,2025-09-26 18:50:28.527000,1.41,
10951,PROD_1922,SUPP_10534,785,16,2025-09-25 23:23:58.190000,2.24,
10656,PROD_2445*,SUPP_10925,0,0,2024-08-01 21:00:28.572000,0.48,
11305,PROD_1104,,16,127,2025-11-01 04:02:42.959000,-1.85,
10692,PROD_1629,SUPP_10369,323,49,2025-09-21 09:28:49.274000,5,
11382,PROD_1205,SUPP_10062,5,180,  2025-10-07 21:46:50.205993  ,1.77,
11015,PROD_2094,SUPP_999,721,10,11-10-2025,,
10721,PROD_1008,SUPP_10994,10,66,2025-10-07 14:25:21.878000,2.7,
10283,PROD_1069,  SUPP_10966  ,28,85,2025-10-10 20:48:13.819000,0.53,
10003,PROD_1208,SUPP_10389,40,  118  ,2025-10-05 04:49:41.358000,3.54,
10537,PROD_1325,SUPP_10685,9,63,2025-10-06 12:08:26.598000,4.82,
11385,PROD_2239,supp_10584,149,21,2025-09-05 11:18:12.321000,1.09,
11144,PROD_2468,SUPP_10298,0,0,2023-12-26 23:04:19.317000,0.65,
11434,  PROD_1070  ,SUPP_10789,  70  ,155,2025-10-10 09:11:53.391263,1.19,
11498,PROD_2176,SUPP_10824,107,  21  ,2025-09-04 15:45:57.678000,2.27,
10012,PROD_1992,SUPP_10218,66,13,2025-08-01 20:21:26.671000,4.64,
11222,PROD_2491,SUPP_10240,2,0,2024-12-05 04:32:39.462000,1.58,
10848,PROD_1583,SUPP_10447,53,27,2025-09-15 00:01:22.177000,3.77,
10005,PROD_2152,SUPP_10551,639,12,2025-09-24 20:11:31.231000,4.99,
11225,PROD_1600,,39,62,,,
11146,PROD_1154,SUPP_10965,38,55,2025-10-11 07:47:52.690000,4.61,
10414,PROD_2345,SUPP_10728,84,27,2025-08-05 00:26:52.760000,1.14,
10903,PROD_1542,SUPP_10440,98,22,2025-09-21 06:34:08.734000,4.77,
11354,PROD_2112,SUPP_10313,758,28,2025-07-21 14:07:26.241000,0.1,
10249,PROD_1415,SUPP_10468,87,46,2025-09-27 17:04:30.911000,1.96,
10596,  PROD_2190  ,SUPP_10835,441,19,  2025-07-18 13:11:58.762317  ,4.77,
11090,PROD_1998,SUPP_10429,187,16,2025-09-01 00:00:01.020000,3.34,
11075,PROD_1330,,97,  49  ,,,
10612,PROD_1044,,99999,-12,,,
10757,PROD_2171,SUPP_10968,0,  20  ,2025-07-18 18:26:33.436000,0.83,
10432,PROD_1669,SUPP_10110,275,86,2025-09-28 20:50:24.094000,3.99,
10808,PROD_2267,SUPP_10729,5,10,2025-10-03 13:26:16.618000,2.72,
11290,PROD_1410,SUPP_10859#,Unknown,,2025-09-30 20:14:57.709000,1.67,
10533,PROD_1428,SUPP_10410,14,99,2025-10-01 22:16:06.839000,4.77,
11308,PROD_1224,SUPP_10722,194,123,2025-10-06 20:36:51.102000,0.23,
11113,PROD_2290,SUPP_10113,38,23,2025-08-20 21:13:01.249000,2.37,
10680,,SUPP_10341,-7,High,  2025-10-01 19:24:14.598981  ,4.16,
10339,PROD_2291,SUPP_10246,0,28,2025-08-05 07:19:37.231000,2.09,
11041,PROD_1468,SUPP_10941,17,52,2025-09-15 15:40:44.212000,4.99,
10934,PROD_2400,SUPP_10699,0,0,2024-05-30 21:11:47.264000,4.62,
11431,PROD_1122,SUPP_10010,84,183,2025-10-07 11:48:20.136000,  1.3  ,
10941,PROD_1933,SUPP_10458,7,15,2025-09-07 18:26:56.301000,3.55,
11239,PROD_1971,SUPP_10304,504,27,2025-07-26 13:17:18.333000,3.28,
11191,PROD_1118,SUPP_10116,25,58,2025-10-06 22:43:22.547000,1.21,
10009,  PROD_1928  ,SUPP_10123,108,12,2025-09-03 22:54:10.282000,2.98,
10128,PROD_2110,SUPP_10865,780,21,2025-08-07 21:03:41.099000,4.6,
10033,PROD_1257,SUPP_10815,13,179,2025-10-05 11:44:56.618000,3.27,
10311,PROD_1732,  SUPP_10063  ,0,91,2025-09-30 03:29:25.796000,4.12,
11270,PROD_1212,SUPP_10206,0,150,2025-10-10 21:55:37.049000,3.96,
10246,PROD_1750,  SUPP_10422  ,0,53,2025-10-03 06:39:41.308000,1.32,
10944,PROD_1343,SUPP_10716,16,73,2025-10-04 23:09:02.776000,2.19,
10881,PROD_1495,SUPP_10260,127,43,2025-09-22 22:40:42.140000,2.24,
11095,PROD_1182,SUPP_10855,343,152,2025-10-07 17:20:21.513000,1.52,
10039,PROD_2173,SUPP_10782,108,19,2025-08-31 06:11:58.022000,1.56,
10126,PROD_1026,  SUPP_10017  !,  0  ,160,2025-10-07 10:55:35.007000,4.05,
11334,PROD_1769,SUPP_10110,65,51,2025-09-16 07:42:08.339000,2.88,
10103,PROD_2379,SUPP_10738,0,0,2025-08-14 05:10:21.293943,3.44,
10398,PROD_2333,SUPP_10310,908,17,2025-07-24 10:54:02.413000,4.04,
10287,PROD_1401,SUPP_10197,310,54,2025-10-01 03:52:02.890000,4.76,
11494!,PROD_1375,SUPP_10763,22,65,2025-10-05 11:29:49.075000,2.51,
10368,PROD_2476,SUPP_10701,0,0,  2024-11-24 22:26:44.057189  ,2.86,
10241,  PROD_1500  ,SUPP_10520,  64  ,26,2025-10-11 12:37:23.146000,0.89,
11473,PROD_2377,SUPP_10756,0,0,2024-08-12 12:59:15.483000,0.45,
10503,PROD_1150,SUPP_10694,53,71,2025-10-07 04:40:17.993000,3.83,
10383,PROD_2016,SUPP_10967,222,25,2025-09-28 14:06:40.527000,3.1,
10812,PROD_1597,  SUPP_10118  ,73,60,2025-10-01 20:57:02.644000,2.49,
11381,PROD_1001,SUPP_10079,  2  ,185,2025-10-08 22:26:52.021000,3.61,
11248,PROD_1043,SUPP_10779,  49  ,56,2025-10-08 10:39:16.776000,3.44,
10523,PROD_1438,SUPP_10471,  91  ,27,2025-09-24 01:52:29.204000,3.76,
11182,PROD_2056,SUPP_10436,39,29,2025-08-20 17:00:19.348000,1.54,
11231,PROD_1159,SUPP_10255,10,112,2025-10-09 01:50:19.335840,1.94,
  10598  ,PROD_2193,SUPP_10849,638,29,2025-08-14 20:20:22.733000,0.38,
